pinfl,oldCertificate,category,usedAmount
31405881000001,C-0501-0001,outpatient,2500000
42811931000006,,medicines,600000
,C-0501-0011,dental,1050000
40408761000016,,outpatient,450000
,C-0501-0021,medicines,900000
42410931000026,,dental,300000
,C-0501-0031,outpatient,750000
31011971000036,,medicines,150000
,C-0501-0041,dental,600000
32303851000046,,outpatient,1050000
,C-0501-0051,medicines,450000
31010671000056,,dental,900000
,C-0502-0001,outpatient,300000
40408751000066,,medicines,750000
,C-0502-0011,dental,150000
30406711000076,,outpatient,600000
,C-0502-0021,medicines,1050000
42309891000086,,dental,450000
,C-0502-0031,outpatient,900000
40709681000096,,medicines,300000
,C-0502-0041,dental,750000
40302681000106,,outpatient,150000
,C-0503-0001,medicines,600000
41910831000116,,dental,1050000
,C-0503-0011,outpatient,450000
30401021000126,,medicines,900000
,C-0503-0021,dental,300000
40401941000136,,outpatient,750000
,C-0503-0031,medicines,150000
30405021000146,,dental,600000
,C-0504-0001,outpatient,1050000
32110751000156,,medicines,450000
,C-0504-0011,dental,900000
31410981000166,,outpatient,300000
,C-0504-0021,medicines,750000
30103681000176,,dental,150000
,C-0505-0001,outpatient,600000
31002801000186,,medicines,1050000
,C-0505-0011,dental,450000
31902751000196,,outpatient,900000
