fullName,birthDate,pinfl,phone,oldCertificate,inclusionDate,contractOldNumber,position,relation,principal_pinfl,premium
Abdullayev Jasur Karimovich,1988-05-14,31405881000001,'+998770000001,C-0501-0001,2026-07-01,MIG-2026/0501,Accountant,employee,,
Abdullayeva Kamola Bahromovna,1990-02-04,40402901500003,'+998780000001,C-0501-0001-1,2026-07-01,MIG-2026/0501,,spouse,31405881000001,
Aliyev Anvar Bahromovich,1968-09-10,31009681000002,'+998770000002,C-0501-0002,2026-07-01,MIG-2026/0501,Operator,employee,,
Aliyeva Gulnoza Farhodovna,1970-03-07,40703701500006,'+998780000002,C-0501-0002-1,2026-07-01,MIG-2026/0501,,spouse,31009681000002,
Yusupov Temur Karimovich,1977-05-24,32405771000003,'+998770000003,C-0501-0003,2026-07-01,MIG-2026/0501,Technician,employee,,
Yusupova Nigora Ravshanovna,1979-04-10,41004791500009,'+998780000003,C-0501-0003-1,2026-07-01,MIG-2026/0501,,spouse,32405771000003,
Yusupov Rustam Akmalovich,1978-02-24,32402781000004,'+998770000004,C-0501-0004,2026-07-01,MIG-2026/0501,Operator,employee,,
Yusupova Zarina Shuhratovna,1980-05-13,41305801500012,'+998780000004,C-0501-0004-1,2026-07-01,MIG-2026/0501,,spouse,32402781000004,
Xolmatova Shahnoza Bahromovna,1982-07-28,42807821000005,'+998770000005,C-0501-0005,2026-07-01,MIG-2026/0501,Operator,employee,,
Abdullayeva Kamola Alisherovna,1993-11-28,42811931000006,'+998770000006,C-0501-0006,2026-07-01,MIG-2026/0501,Manager,employee,,
Abdullayev Dilshod Ilhomovich,1995-07-19,31907951500018,'+998780000006,C-0501-0006-1,2026-07-01,MIG-2026/0501,,spouse,42811931000006,
Yusupov Jasur Akmalovich,1994-04-05,30504941000007,,C-0501-0007,2026-07-01,MIG-2026/0501,Engineer,employee,,
Yusupova Feruza Akmalovna,1996-08-22,42208961500021,'+998780000007,C-0501-0007-1,2026-07-01,MIG-2026/0501,,spouse,30504941000007,
Yusupov Anvar Jasurovich,2018-01-23,32301181500022,,C-0501-0007-2,2026-07-01,MIG-2026/0501,,child,30504941000007,
Abdullayev Anvar Ilhomovich,1993-12-14,31412931000008,'+998770000008,C-0501-0008,2026-07-01,MIG-2026/0501,Manager,employee,,
Abdullayeva Sevara Zafarovna,1995-09-25,42509951500024,'+998780000008,C-0501-0008-1,2026-07-01,MIG-2026/0501,,spouse,31412931000008,
Abdullayeva Nigora Anvarovna,2018-02-26,42602181500025,,C-0501-0008-2,2026-07-01,MIG-2026/0501,,child,31412931000008,
Xolmatova Malika Akmalovna,1989-01-26,42601891000009,'+998770000009,C-0501-0009,2026-07-01,MIG-2026/0501,Operator,employee,,
Xolmatov Sherzod Zafarovich,1991-10-28,32810911500027,'+998780000009,C-0501-0009-1,2026-07-01,MIG-2026/0501,,spouse,42601891000009,
Xolmatova Malika Bahromovna,1999-09-23,42309991000010,'+998770000010,C-0501-0010,2026-07-01,MIG-2026/0501,Operator,employee,,
Xolmatov Anvar Karimovich,2001-11-03,30311011500030,'+998780000010,C-0501-0010-1,2026-07-01,MIG-2026/0501,,spouse,42309991000010,
Xolmatova Shahnoza Anvarovna,2023-04-04,40404231500031,,C-0501-0010-2,2026-07-01,MIG-2026/0501,,child,42309991000010,
Ergashev Bobur Nodirovich,1992-06-17,3120588100090,'+998779000001,C-0501-0901,2026-07-01,MIG-2026/0501,Engineer,employee,,
Rahimov Jasur Karimovich,1992-06-17,31706921000011,'+998770000011,C-0501-0011,2026-07-01,MIG-2026/0501,Engineer,employee,,
Rahimova Kamola Bahromovna,1994-12-06,40612941500033,'+998780000011,C-0501-0011-1,2026-07-01,MIG-2026/0501,,spouse,31706921000011,
Rahimov Otabek Jasurovich,2021-05-07,30705211500034,,C-0501-0011-2,2026-07-01,MIG-2026/0501,,child,31706921000011,
Rahimov Sherzod Zafarovich,1977-01-05,30501771000012,'+998770000012,C-0501-0012,2026-07-01,MIG-2026/0501,Economist,employee,,
Rahimova Gulnoza Farhodovna,1979-01-09,40901791500036,'+998780000012,C-0501-0012-1,2026-07-01,MIG-2026/0501,,spouse,30501771000012,
Karimova Feruza Alisherovna,1987-07-08,40807871000013,'+998770000013,C-0501-0013,2026-07-01,MIG-2026/0501,Analyst,employee,,
Karimov Rustam Farhodovich,1989-02-12,31202891500039,'+998780000013,C-0501-0013-1,2026-07-01,MIG-2026/0501,,spouse,40807871000013,
Aliyeva Nigora Nodirovna,1993-08-09,40908931000014,'+998770000014,C-0501-0014,2026-07-01,MIG-2026/0501,Economist,employee,,
Aliyev Otabek Ravshanovich,1995-03-15,31503951500042,'+998780000014,C-0501-0014-1,2026-07-01,MIG-2026/0501,,spouse,40908931000014,
Aliyeva Kamola Otabekovna,2017-08-16,41608171500043,,C-0501-0014-2,2026-07-01,MIG-2026/0501,,child,40908931000014,
Qodirova Malika Shuhratovna,1975-01-02,40201751000015,'+998770000015,C-0501-0015,2026-07-01,MIG-2026/0501,Accountant,employee,,
Qodirov Bobur Shuhratovich,1977-04-18,31804771500045,'+998780000015,C-0501-0015-1,2026-07-01,MIG-2026/0501,,spouse,40201751000015,
Rahimova Kamola Karimovna,1976-08-04,40408761000016,'+998770000016,C-0501-0016,2026-07-01,MIG-2026/0501,Accountant,employee,,
Rahimov Farrux Ilhomovich,1978-05-21,32105781500048,'+998780000016,C-0501-0016-1,2026-07-01,MIG-2026/0501,,spouse,40408761000016,
Rahimov Otabek Zafarovich,1998-05-01,30105981000017,'+998770000017,C-0501-0017,2026-07-01,MIG-2026/0501,Driver,employee,,
Rahimova Feruza Akmalovna,2000-06-24,42406001500051,'+998780000017,C-0501-0017-1,2026-07-01,MIG-2026/0501,,spouse,30105981000017,
Hasanov Jasur Ravshanovich,1999-05-26,32605991000018,'+998770000018,C-0501-0018,2026-07-01,MIG-2026/0501,Accountant,employee,,
Hasanova Sevara Zafarovna,2001-07-27,42707011500054,'+998780000018,C-0501-0018-1,2026-07-01,MIG-2026/0501,,spouse,32605991000018,
Hasanova Nigora Jasurovna,2023-12-28,42812231500055,,C-0501-0018-2,2026-07-01,MIG-2026/0501,,child,32605991000018,
Ismoilova Gulnoza Ilhomovna,1973-09-20,42009731000019,'+998770000019,C-0501-0019,2026-07-01,MIG-2026/0501,Analyst,employee,,
Ismoilov Aziz Zafarovich,1975-08-02,30208751500057,'+998780000019,C-0501-0019-1,2026-07-01,MIG-2026/0501,,spouse,42009731000019,
Ismoilov Anvar Azizovich,2017-01-03,30301171500058,,C-0501-0019-2,2026-07-01,MIG-2026/0501,,child,42009731000019,
Abdullayeva Feruza Akmalovna,1981-12-06,40612811000020,'+998770000020,C-0501-0020,2026-07-01,MIG-2026/0501,Engineer,employee,,
Abdullayev Temur Karimovich,1983-09-05,30509831500060,'+998780000020,C-0501-0020-1,2026-07-01,MIG-2026/0501,,spouse,40612811000020,
Abdullayeva Shahnoza Temurovna,2018-02-06,40602181500061,,C-0501-0020-2,2026-07-01,MIG-2026/0501,,child,40612811000020,
Nazarov Farrux Nodirovich,1969-10-14,31410691000021,'+998770000021,C-0501-0021,2026-07-01,MIG-2026/0501,Accountant,employee,,
Tursunov Jasur Zafarovich,1995-07-21,32107951000022,'+998770000022,C-0501-0022,2026-07-01,MIG-2026/0501,Economist,employee,,
Tursunova Gulnoza Farhodovna,1997-11-11,41111971500066,'+998780000022,C-0501-0022-1,2026-07-01,MIG-2026/0501,,spouse,32107951000022,
Tursunova Madina Jasurovna,2020-04-12,41204201500067,,C-0501-0022-2,2026-07-01,MIG-2026/0501,,child,32107951000022,
Saidova Gulnoza Farhodovna,1996-07-02,40207961000023,'+998770000023,C-0501-0023,2026-07-01,MIG-2026/0501,Manager,employee,,
Saidov Sanjar Farhodovich,1998-12-14,31412981500069,'+998780000023,C-0501-0023-1,2026-07-01,MIG-2026/0501,,spouse,40207961000023,
Saidov Otabek Sanjarovich,2021-05-15,31505211500070,,C-0501-0023-2,2026-07-01,MIG-2026/0501,,child,40207961000023,
Sultonov Sherzod Akmalovich,2000-07-13,31307001000024,'+998770000024,C-0501-0024,2026-07-01,MIG-2026/0501,Accountant,employee,,
Sultonova Zarina Shuhratovna,2002-01-17,41701021500072,'+998780000024,C-0501-0024-1,2026-07-01,MIG-2026/0501,,spouse,31307001000024,
Abdullayev Bobur Zafarovich,1983-05-01,30101701000025,'+998770000025,C-0501-0025,2026-07-01,MIG-2026/0501,Driver,employee,,
Abdullayeva Madina Ilhomovna,1985-02-20,42002851500075,'+998780000025,C-0501-0025-1,2026-07-01,MIG-2026/0501,,spouse,30101701000025,
Tursunova Gulnoza Nodirovna,1993-10-24,42410931000026,'+998770000026,C-0501-0026,2026-07-01,MIG-2026/0501,Driver,employee,,
Yusupov Rustam Akmalovich,1986-07-19,31907861000027,'+998770000027,C-0501-0027,2026-07-01,MIG-2026/0501,Engineer,employee,,
Yusupova Feruza Akmalovna,1988-04-26,42604881500081,'+998780000027,C-0501-0027-1,2026-07-01,MIG-2026/0501,,spouse,31907861000027,
Yusupov Dilshod Rustamovich,2013-09-27,32709131500082,,C-0501-0027-2,2026-07-01,MIG-2026/0501,,child,31907861000027,
Aliyeva Shahnoza Farhodovna,1984-02-05,40502841000028,'+998770000028,C-0501-0028,2026-07-01,MIG-2026/0501,Operator,employee,,
Aliyev Farrux Akmalovich,1986-05-01,30105861500084,'+998780000028,C-0501-0028-1,2026-07-01,MIG-2026/0501,,spouse,40502841000028,
Aliyeva Nigora Farruxovna,2014-10-02,40210141500085,,C-0501-0028-2,2026-07-01,MIG-2026/0501,,child,40502841000028,
Abdullayeva Dilnoza Shuhratovna,1989-08-22,42208891000029,'+998770000029,C-0501-0029,2026-07-01,MIG-2026/0501,Accountant,employee,,
Sultonova Gulnoza Zafarovna,1987-10-10,41010871000030,'+998770000030,C-0501-0030,2026-07-01,MIG-2026/0501,Engineer,employee,,
Sultonov Dilshod Karimovich,1989-07-07,30707891500090,'+998780000030,C-0501-0030-1,2026-07-01,MIG-2026/0501,,spouse,41010871000030,
Sultonova Shahnoza Dilshodovna,2016-12-08,40812161500091,,C-0501-0030-2,2026-07-01,MIG-2026/0501,,child,41010871000030,
Hasanov Dilshod Alisherovich,1994-11-11,31111941000031,'+998770000031,C-0501-0031,2026-07-01,MIG-2026/0501,Engineer,employee,,
Ergashev Sanjar Ravshanovich,1998-03-04,30403981000032,'+998770000032,C-0501-0032,2026-07-01,MIG-2026/0501,Technician,employee,,
Qodirov Jasur Farhodovich,1980-06-13,31306801000033,'+998770000033,C-0501-0033,2026-07-01,MIG-2026/0501,Operator,employee,,
Ergashev Bobur Ravshanovich,1976-04-24,32404761000034,'+998770000034,C-0501-0034,2026-07-01,MIG-2026/0501,Engineer,employee,,
Tursunov Anvar Akmalovich,1989-05-25,32505891000035,'+998770000035,C-0501-0035,2026-07-01,MIG-2026/0501,Engineer,employee,,
Karimov Farrux Karimovich,1997-11-10,31011971000036,'+998770000036,C-0501-0036,2026-07-01,MIG-2026/0501,Manager,employee,,
Karimova Malika Nodirovna,1999-01-25,42501991500108,'+998780000036,C-0501-0036-1,2026-07-01,MIG-2026/0501,,spouse,31011971000036,
Karimova Feruza Farruxovna,2021-06-26,42606211500109,,C-0501-0036-2,2026-07-01,MIG-2026/0501,,child,31011971000036,
Ergashev Aziz Karimovich,1966-06-13,31306661000037,'+998770000037,C-0501-0037,2026-07-01,MIG-2026/0501,Analyst,employee,,
Ergasheva Feruza Akmalovna,1968-02-28,42802681500111,'+998780000037,C-0501-0037-1,2026-07-01,MIG-2026/0501,,spouse,31306661000037,
Yusupov Sherzod Bahromovich,2001-03-27,32703011000038,'+998770000038,C-0501-0038,2026-07-01,MIG-2026/0501,Engineer,employee,,
Yusupova Sevara Zafarovna,2003-03-03,40303031500114,'+998780000038,C-0501-0038-1,2026-07-01,MIG-2026/0501,,spouse,32703011000038,
Yusupova Nigora Sherzodovna,2024-08-04,40408241500115,,C-0501-0038-2,2026-07-01,MIG-2026/0501,,child,32703011000038,
Yusupov Bobur Akmalovich,1983-01-01,30101831000039,'+998770000039,C-0501-0039,2026-07-01,MIG-2026/0501,Economist,employee,,
Yusupova Shahnoza Karimovna,1985-04-06,40604851500117,'+998780000039,C-0501-0039-1,2026-07-01,MIG-2026/0501,,spouse,30101831000039,
Yusupov Dilshod Boburovich,2013-09-07,30709131500118,,C-0501-0039-2,2026-07-01,MIG-2026/0501,,child,30101831000039,
Tursunova Malika Bahromovna,1995-11-28,42811951000040,'+998770000040,C-0501-0040,2026-07-01,MIG-2026/0501,Analyst,employee,,
Saidova Sevara Akmalovna,1995-11-09,40911951000041,'+998770000041,C-0501-0041,2026-07-01,MIG-2026/0501,Operator,employee,,
Saidov Javohir Alisherovich,1997-06-12,31206971500123,'+998780000041,C-0501-0041-1,2026-07-01,MIG-2026/0501,,spouse,40911951000041,
Saidov Temur Javohirovich,2019-11-13,31311191500124,,C-0501-0041-2,2026-07-01,MIG-2026/0501,,child,40911951000041,
Ismoilova Feruza Farhodovna,1992-11-16,41611921000042,'+998770000042,C-0501-0042,2026-07-01,MIG-2026/0501,Accountant,employee,,
Ismoilov Dilshod Bahromovich,1994-07-15,31507941500126,'+998780000042,C-0501-0042-1,2026-07-01,MIG-2026/0501,,spouse,41611921000042,
Ismoilova Madina Dilshodovna,2016-12-16,41612161500127,,C-0501-0042-2,2026-07-01,MIG-2026/0501,,child,41611921000042,
Umarov Sherzod Farhodovich,1972-11-18,31811721000043,'+998770000043,C-0501-0043,2026-07-01,MIG-2026/0501,Driver,employee,,
Umarova Nigora Ravshanovna,1974-08-18,41808741500129,'+998780000043,C-0501-0043-1,2026-07-01,MIG-2026/0501,,spouse,31811721000043,
Saidov Sherzod Nodirovich,1968-03-15,31503681000044,'+998770000044,C-0501-0044,2026-07-01,MIG-2026/0501,Accountant,employee,,
Saidova Zarina Shuhratovna,1970-09-21,42109701500132,'+998780000044,C-0501-0044-1,2026-07-01,MIG-2026/0501,,spouse,31503681000044,
Qodirov Otabek Shuhratovich,1992-12-19,31912921000045,'+998770000045,C-0501-0045,2026-07-01,MIG-2026/0501,Manager,employee,,
Qodirova Madina Ilhomovna,1994-10-24,42410941500135,'+998780000045,C-0501-0045-1,2026-07-01,MIG-2026/0501,,spouse,31912921000045,
Xolmatov Farrux Akmalovich,1985-03-23,32303851000046,'+998770000046,C-0501-0046,2026-07-01,MIG-2026/0501,Analyst,employee,,
Xolmatova Malika Nodirovna,1987-11-27,42711871500138,'+998780000046,C-0501-0046-1,2026-07-01,MIG-2026/0501,,spouse,32303851000046,
Tursunova Sevara Farhodovna,1965-03-22,42203651000047,,C-0501-0047,2026-07-01,MIG-2026/0501,Technician,employee,,
Tursunov Sanjar Nodirovich,1967-12-02,30212671500141,'+998780000047,C-0501-0047-1,2026-07-01,MIG-2026/0501,,spouse,42203651000047,
Tursunov Otabek Sanjarovich,2021-05-03,30305211500142,,C-0501-0047-2,2026-07-01,MIG-2026/0501,,child,42203651000047,
Xolmatova Shahnoza Alisherovna,2001-07-10,41007011000048,'+998770000048,C-0501-0048,2026-07-01,MIG-2026/0501,Economist,employee,,
Xolmatov Jasur Akmalovich,2003-01-05,30501031500144,'+998780000048,C-0501-0048-1,2026-07-01,MIG-2026/0501,,spouse,41007011000048,
Ergashev Temur Alisherovich,1975-05-01,30105751000049,'+998770000049,C-0501-0049,2026-07-01,MIG-2026/0501,Driver,employee,,
Ergasheva Shahnoza Karimovna,1977-02-08,40802771500147,'+998780000049,C-0501-0049-1,2026-07-01,MIG-2026/0501,,spouse,30105751000049,
Umarov Javohir Nodirovich,1986-09-19,31909861000050,'+998770000050,C-0501-0050,2026-07-01,MIG-2026/0501,Driver,employee,,
Tursunova Shahnoza Alisherovna,2001-05-01,40105011000051,'+998770000051,C-0501-0051,2026-07-01,MIG-2026/0501,Economist,employee,,
Tursunov Bobur Alisherovich,2003-04-14,31404031500153,'+998780000051,C-0501-0051-1,2026-07-01,MIG-2026/0501,,spouse,40105011000051,
Nazarova Nigora Zafarovna,1983-03-22,42203831000052,'+998770000052,C-0501-0052,2026-07-01,MIG-2026/0501,Technician,employee,,
Nazarov Farrux Bahromovich,1985-05-17,31705851500156,'+998780000052,C-0501-0052-1,2026-07-01,MIG-2026/0501,,spouse,42203831000052,
Nazarova Madina Farruxovna,2014-10-18,41810141500157,,C-0501-0052-2,2026-07-01,MIG-2026/0501,,child,42203831000052,
Xolmatov Rustam Farhodovich,1987-11-08,30811871000053,'+998770000053,C-0501-0053,2026-07-01,MIG-2026/0501,Technician,employee,,
Karimov Rustam Akmalovich,1988-08-18,31808881000054,'+998770000054,C-0501-0054,2026-07-01,MIG-2026/0501,Driver,employee,,
Nazarova Feruza Ilhomovna,1979-04-18,41804791000055,'+998770000055,C-0501-0055,2026-07-01,MIG-2026/0501,Manager,employee,,
Nazarov Aziz Shuhratovich,1981-08-26,32608811500165,'+998780000055,C-0501-0055-1,2026-07-01,MIG-2026/0501,,spouse,41804791000055,
Nazarov Anvar Azizovich,2017-01-27,32701171500166,,C-0501-0055-2,2026-07-01,MIG-2026/0501,,child,41804791000055,
Yusupov Farrux Akmalovich,1967-10-10,31010671000056,'+998770000056,C-0501-0056,2026-07-01,MIG-2026/0501,Driver,employee,,
Umarov Javohir Alisherovich,1977-01-03,30301771000057,'+998770000057,C-0501-0057,2026-07-01,MIG-2026/0501,Operator,employee,,
Umarova Feruza Akmalovna,1979-10-04,40410791500171,'+998780000057,C-0501-0057-1,2026-07-01,MIG-2026/0501,,spouse,30301771000057,
Abdullayev Otabek Bahromovich,1986-06-24,32406861000058,'+998770000058,C-0501-0058,2026-09-15,MIG-2026/0501,Technician,employee,,
Abdullayeva Sevara Zafarovna,1988-11-07,40711881500174,'+998780000058,C-0501-0058-1,2026-09-15,MIG-2026/0501,,spouse,32406861000058,
Nazarova Shahnoza Farhodovna,1977-09-06,40609771000059,'+998770000059,C-0501-0059,2026-09-15,MIG-2026/0501,Engineer,employee,,
Rahimova Sevara Ravshanovna,1984-01-19,41901841000060,'+998770000060,C-0501-0060,2026-09-15,MIG-2026/0501,Analyst,employee,,
Rahimov Jasur Karimovich,1986-01-13,31301861500180,'+998780000060,C-0501-0060-1,2026-09-15,MIG-2026/0501,,spouse,41901841000060,
Qodirov Sanjar Karimovich,1979-09-19,31909791000061,'+998770000061,C-0502-0001,2026-04-01,MIG-2026/0502,Economist,employee,,
Abdullayeva Kamola Akmalovna,1978-10-01,40110781000062,'+998770000062,C-0502-0002,2026-04-01,MIG-2026/0502,Technician,employee,,
Mirzayeva Gulnoza Ilhomovna,1975-02-03,40302751000063,'+998770000063,C-0502-0003,2026-04-01,MIG-2026/0502,Technician,employee,,
Saidov Anvar Ilhomovich,1973-06-25,32506731000064,'+998770000064,C-0502-0004,2026-04-01,MIG-2026/0502,Technician,employee,,
Saidova Zarina Shuhratovna,1975-05-25,42505751500192,'+998780000064,C-0502-0004-1,2026-04-01,MIG-2026/0502,,spouse,32506731000064,
Saidova Kamola Anvarovna,2014-10-26,42610141500193,,C-0502-0004-2,2026-04-01,MIG-2026/0502,,child,32506731000064,
Karimov Jasur Alisherovich,2000-01-08,30801001000065,'+998770000065,C-0502-0005,2026-04-01,MIG-2026/0502,Economist,employee,,
Karimova Madina Ilhomovna,2002-06-28,42806021500195,'+998780000065,C-0502-0005-1,2026-04-01,MIG-2026/0502,,spouse,30801001000065,
Hasanova Gulnoza Zafarovna,1975-08-04,40408751000066,'+998770000066,C-0502-0006,2026-04-01,MIG-2026/0502,Manager,employee,,
Hasanov Dilshod Ilhomovich,1977-07-03,30307771500198,'+998780000066,C-0502-0006-1,2026-04-01,MIG-2026/0502,,spouse,40408751000066,
Rahimova Shahnoza Nodirovna,1996-03-12,41203961000067,'+998770000067,C-0502-0007,2026-04-01,MIG-2026/0502,Operator,employee,,
Rahimov Aziz Nodirovich,1998-08-06,30608981500201,'+998780000067,C-0502-0007-1,2026-04-01,MIG-2026/0502,,spouse,41203961000067,
Rahimov Anvar Azizovich,2020-01-07,30701201500202,,C-0502-0007-2,2026-04-01,MIG-2026/0502,,child,41203961000067,
Rahimov Temur Karimovich,1993-02-13,31302931000068,'+998770000068,C-0502-0008,2026-04-01,MIG-2026/0502,Economist,employee,,
Rahimova Sevara Zafarovna,1995-09-09,40909951500204,'+998780000068,C-0502-0008-1,2026-04-01,MIG-2026/0502,,spouse,31302931000068,
Rahimova Nigora Temurovna,2018-02-10,41002181500205,,C-0502-0008-2,2026-04-01,MIG-2026/0502,,child,31302931000068,
Qodirov Bobur Zafarovich,1996-02-25,32502961000069,'+998770000069,C-0502-0009,2026-04-01,MIG-2026/0502,Technician,employee,,
Qodirova Shahnoza Karimovna,1998-10-12,41210981500207,'+998780000069,C-0502-0009-1,2026-04-01,MIG-2026/0502,,spouse,32502961000069,
Qodirov Jasur Boburovich,2020-03-13,31303201500208,,C-0502-0009-2,2026-04-01,MIG-2026/0502,,child,32502961000069,
Nazarov Bobur Farhodovich,1981-04-03,30304811000070,'+998770000070,C-0502-0010,2026-04-01,MIG-2026/0502,Accountant,employee,,
Nazarova Dilnoza Alisherovna,1983-11-15,41511831500210,'+998780000070,C-0502-0010-1,2026-04-01,MIG-2026/0502,,spouse,30304811000070,
Nazarova Shahnoza Boburovna,2020-04-16,41604201500211,,C-0502-0010-2,2026-04-01,MIG-2026/0502,,child,30304811000070,
Saidova Lola Farhodovna,1981-12-18,41503901009002,'+998779000002,C-0999-0001,2026-04-01,MIG-2026/0999,Accountant,employee,,
Tursunov Aziz Akmalovich,1981-12-18,31812811000071,'+998770000071,C-0502-0011,2026-04-01,MIG-2026/0502,Accountant,employee,,
Tursunova Kamola Bahromovna,1983-12-18,41812831500213,'+998780000071,C-0502-0011-1,2026-04-01,MIG-2026/0502,,spouse,31812811000071,
Saidov Farrux Alisherovich,1971-12-13,31312711000072,'+998770000072,C-0502-0012,2026-04-01,MIG-2026/0502,Accountant,employee,,
Saidova Gulnoza Farhodovna,1973-01-21,42101731500216,'+998780000072,C-0502-0012-1,2026-04-01,MIG-2026/0502,,spouse,31312711000072,
Sultonov Dilshod Alisherovich,2001-04-10,31004011000073,'+998770000073,C-0502-0013,2026-04-01,MIG-2026/0502,Technician,employee,,
Sultonova Nigora Ravshanovna,2003-02-24,42402031500219,'+998780000073,C-0502-0013-1,2026-04-01,MIG-2026/0502,,spouse,31004011000073,
Sultonov Farrux Dilshodovich,2024-07-25,32507241500220,,C-0502-0013-2,2026-04-01,MIG-2026/0502,,child,31004011000073,
Rahimova Gulnoza Ilhomovna,1985-06-10,41006851000074,'+998770000074,C-0502-0014,2026-04-01,MIG-2026/0502,Operator,employee,,
Yusupova Gulnoza Alisherovna,1999-03-05,40503991000075,'+998770000075,C-0502-0015,2026-04-01,MIG-2026/0502,Analyst,employee,,
Yusupov Bobur Shuhratovich,2001-04-02,30204011500225,'+998780000075,C-0502-0015-1,2026-04-01,MIG-2026/0502,,spouse,40503991000075,
Yusupov Dilshod Boburovich,2023-09-03,30309231500226,,C-0502-0015-2,2026-04-01,MIG-2026/0502,,child,40503991000075,
Nazarov Sherzod Karimovich,1971-06-04,30406711000076,'+998770000076,C-0502-0016,2026-04-01,MIG-2026/0502,Accountant,employee,,
Nazarova Malika Nodirovna,1973-05-05,40505731500228,'+998780000076,C-0502-0016-1,2026-04-01,MIG-2026/0502,,spouse,30406711000076,
Ergasheva Zarina Nodirovna,1969-07-14,41407691000077,'+998770000077,C-0502-0017,2026-04-01,MIG-2026/0502,Accountant,employee,,
Ergashev Javohir Nodirovich,1971-06-08,30806711500231,'+998780000077,C-0502-0017-1,2026-04-01,MIG-2026/0502,,spouse,41407691000077,
Ergashev Temur Javohirovich,2015-11-09,30911151500232,,C-0502-0017-2,2026-04-01,MIG-2026/0502,,child,41407691000077,
Hasanov Temur Bahromovich,1992-08-15,31508921000078,'+998770000078,C-0502-0018,2026-04-01,MIG-2026/0502,Analyst,employee,,
Hasanova Sevara Zafarovna,1994-07-11,41107941500234,'+998780000078,C-0502-0018-1,2026-04-01,MIG-2026/0502,,spouse,31508921000078,
Ergasheva Kamola Bahromovna,1986-07-05,40507861000079,'+998770000079,C-0502-0019,2026-04-01,MIG-2026/0502,Economist,employee,,
Ergashev Aziz Zafarovich,1988-08-14,31408881500237,'+998780000079,C-0502-0019-1,2026-04-01,MIG-2026/0502,,spouse,40507861000079,
Ergashev Anvar Azizovich,2017-01-15,31501171500238,,C-0502-0019-2,2026-04-01,MIG-2026/0502,,child,40507861000079,
Hasanova Nigora Ilhomovna,1965-02-23,42302651000080,'+998770000080,C-0502-0020,2026-04-01,MIG-2026/0502,Engineer,employee,,
Mirzayev Dilshod Ravshanovich,1998-01-14,31401981000081,'+998770000081,C-0502-0021,2026-04-01,MIG-2026/0502,Driver,employee,,
Mirzayeva Kamola Bahromovna,2000-10-20,42010001500243,'+998780000081,C-0502-0021-1,2026-04-01,MIG-2026/0502,,spouse,31401981000081,
Mirzayev Jasur Dilshodovich,2022-03-21,32103221500244,,C-0502-0021-2,2026-04-01,MIG-2026/0502,,child,31401981000081,
Saidova Malika Ravshanovna,1990-05-05,40505901000082,'+998770000082,C-0502-0022,2026-04-01,MIG-2026/0502,Analyst,employee,,
Saidov Anvar Bahromovich,1992-11-23,32311921500246,'+998780000082,C-0502-0022-1,2026-04-01,MIG-2026/0502,,spouse,40505901000082,
Saidova Madina Anvarovna,2020-04-24,42404201500247,,C-0502-0022-2,2026-04-01,MIG-2026/0502,,child,40505901000082,
Qodirova Kamola Akmalovna,1978-09-17,41709781000083,'+998770000083,C-0502-0023,2026-04-01,MIG-2026/0502,Engineer,employee,,
Qodirov Sanjar Farhodovich,1980-12-26,32612801500249,'+998780000083,C-0502-0023-1,2026-04-01,MIG-2026/0502,,spouse,41709781000083,
Karimov Dilshod Karimovich,1986-01-03,30301861000084,'+998770000084,C-0502-0024,2026-04-01,MIG-2026/0502,Operator,employee,,
Karimova Zarina Shuhratovna,1988-01-01,40101881500252,'+998780000084,C-0502-0024-1,2026-04-01,MIG-2026/0502,,spouse,30301861000084,
Karimova Kamola Dilshodovna,2010-06-02,40206101500253,,C-0502-0024-2,2026-04-01,MIG-2026/0502,,child,30301861000084,
Saidova Gulnoza Ravshanovna,1970-08-26,42608701000085,'+998770000085,C-0502-0025,2026-04-01,MIG-2026/0502,Driver,employee,,
Tursunova Madina Akmalovna,1989-09-23,42309891000086,'+998770000086,C-0502-0026,2026-04-01,MIG-2026/0502,Analyst,employee,,
Tursunov Otabek Ilhomovich,1991-03-07,30703911500258,'+998780000086,C-0502-0026-1,2026-04-01,MIG-2026/0502,,spouse,42309891000086,
Abdullayev Aziz Farhodovich,1995-08-15,31508951000087,,C-0502-0027,2026-04-01,MIG-2026/0502,Accountant,employee,,
Abdullayeva Feruza Akmalovna,1997-04-10,41004971500261,'+998780000087,C-0502-0027-1,2026-04-01,MIG-2026/0502,,spouse,31508951000087,
Mirzayev Farrux Bahromovich,1966-04-08,30804661000088,'+998770000088,C-0502-0028,2026-04-01,MIG-2026/0502,Engineer,employee,,
Qodirov Sherzod Alisherovich,1979-10-01,30110791000089,'+998770000089,C-0502-0029,2026-04-01,MIG-2026/0502,Driver,employee,,
Qodirova Shahnoza Karimovna,1981-06-16,41606811500267,'+998780000089,C-0502-0029-1,2026-04-01,MIG-2026/0502,,spouse,30110791000089,
Saidova Feruza Akmalovna,1990-08-07,40708901000090,'+998770000090,C-0502-0030,2026-04-01,MIG-2026/0502,Technician,employee,,
Abdullayev Jasur Nodirovich,1977-05-21,32105771000091,'+998770000091,C-0502-0031,2026-04-01,MIG-2026/0502,Operator,employee,,
Abdullayeva Kamola Bahromovna,1979-08-22,42208791500273,'+998780000091,C-0502-0031-1,2026-04-01,MIG-2026/0502,,spouse,32105771000091,
Abdullayev Dilshod Karimovich,1980-11-24,32411801000092,'+998770000092,C-0502-0032,2026-04-01,MIG-2026/0502,Operator,employee,,
Tursunova Malika Nodirovna,1966-11-06,40611661000093,'+998770000093,C-0502-0033,2026-04-01,MIG-2026/0502,Driver,employee,,
Tursunov Sherzod Farhodovich,1968-10-28,32810681500279,'+998780000093,C-0502-0033-1,2026-04-01,MIG-2026/0502,,spouse,40611661000093,
Tursunov Jasur Sherzodovich,2019-03-01,30103191500280,,C-0502-0033-2,2026-04-01,MIG-2026/0502,,child,40611661000093,
Sultonova Shahnoza Alisherovna,1984-08-28,42808841000094,'+998770000094,C-0502-0034,2026-04-01,MIG-2026/0502,Operator,employee,,
Sultonov Anvar Ravshanovich,1986-11-03,30311861500282,'+998780000094,C-0502-0034-1,2026-04-01,MIG-2026/0502,,spouse,42808841000094,
Tursunov Aziz Shuhratovich,1992-04-07,30704921000095,'+998770000095,C-0502-0035,2026-04-01,MIG-2026/0502,Economist,employee,,
Tursunova Madina Ilhomovna,1994-12-06,40612941500285,'+998780000095,C-0502-0035-1,2026-04-01,MIG-2026/0502,,spouse,30704921000095,
Tursunov Otabek Azizovich,2021-05-07,30705211500286,,C-0502-0035-2,2026-04-01,MIG-2026/0502,,child,30704921000095,
Ergasheva Malika Shuhratovna,1968-09-07,40709681000096,'+998770000096,C-0502-0036,2026-04-01,MIG-2026/0502,Accountant,employee,,
Ergashev Jasur Ilhomovich,1970-01-09,30901701500288,'+998780000096,C-0502-0036-1,2026-04-01,MIG-2026/0502,,spouse,40709681000096,
Aliyev Temur Ravshanovich,1971-11-26,32611711000097,'+998770000097,C-0502-0037,2026-04-01,MIG-2026/0502,Technician,employee,,
Aliyeva Feruza Akmalovna,1973-02-12,41202731500291,'+998780000097,C-0502-0037-1,2026-04-01,MIG-2026/0502,,spouse,32611711000097,
Saidov Aziz Farhodovich,2000-01-20,32001001000098,'+998770000098,C-0502-0038,2026-04-01,MIG-2026/0502,Analyst,employee,,
Abdullayev Bobur Akmalovich,2001-11-25,32511011000099,'+998770000099,C-0502-0039,2026-04-01,MIG-2026/0502,Analyst,employee,,
Umarov Farrux Akmalovich,1967-01-12,31201671000100,'+998770000100,C-0502-0040,2026-04-01,MIG-2026/0502,Manager,employee,,
Ergashev Farrux Akmalovich,1991-01-22,32201911000101,'+998770000101,C-0502-0041,2026-04-01,MIG-2026/0502,Technician,employee,,
Hasanova Malika Bahromovna,1980-06-12,41206801000102,'+998770000102,C-0502-0042,2026-04-01,MIG-2026/0502,Engineer,employee,,
Ergashev Temur Ravshanovich,2001-06-02,30206011000103,'+998770000103,C-0502-0043,2026-04-01,MIG-2026/0502,Accountant,employee,,
Ismoilova Nigora Nodirovna,1965-07-28,42807651000104,'+998770000104,C-0502-0044,2026-04-01,MIG-2026/0502,Analyst,employee,,
Ismoilov Temur Ravshanovich,1967-09-05,30509671500312,'+998780000104,C-0502-0044-1,2026-04-01,MIG-2026/0502,,spouse,42807651000104,
Xolmatov Rustam Shuhratovich,1991-11-23,32311911000105,'+998770000105,C-0502-0045,2026-04-01,MIG-2026/0502,Engineer,employee,,
Sultonova Gulnoza Alisherovna,1968-02-03,40302681000106,'+998770000106,C-0502-0046,2026-04-01,MIG-2026/0502,Economist,employee,,
Sultonov Anvar Ilhomovich,1970-11-11,31111701500318,'+998780000106,C-0502-0046-1,2026-04-01,MIG-2026/0502,,spouse,40302681000106,
Sultonova Feruza Anvarovna,2020-04-12,41204201500319,,C-0502-0046-2,2026-04-01,MIG-2026/0502,,child,40302681000106,
Tursunov Jasur Alisherovich,1981-06-05,30506811000107,'+998770000107,C-0502-0047,2026-04-01,MIG-2026/0502,Analyst,employee,,
Tursunov Javohir Ravshanovich,1971-08-15,31508711000108,'+998770000108,C-0502-0048,2026-09-15,MIG-2026/0502,Analyst,employee,,
Ismoilova Sevara Nodirovna,1978-06-04,40406781000109,'+998770000109,C-0502-0049,2026-09-15,MIG-2026/0502,Driver,employee,,
Nazarova Dilnoza Shuhratovna,1971-01-03,40301711000110,'+998770000110,C-0502-0050,2026-09-15,MIG-2026/0502,Analyst,employee,,
Nazarov Otabek Karimovich,1973-03-23,32303731500330,'+998780000110,C-0502-0050-1,2026-09-15,MIG-2026/0502,,spouse,40301711000110,
Hasanova Malika Alisherovna,1979-07-22,42207791000111,'+998770000111,C-0503-0001,2026-06-01,MIG-2026/0503,Manager,employee,,2400000
Hasanov Bobur Alisherovich,1981-04-26,32604811500333,'+998780000111,C-0503-0001-1,2026-06-01,MIG-2026/0503,,spouse,42207791000111,1450000
Rahimov Temur Alisherovich,1984-03-22,32203841000112,'+998770000112,C-0503-0002,2026-06-01,MIG-2026/0503,Manager,employee,,2400000
Rahimova Gulnoza Farhodovna,1986-05-01,40105861500336,'+998780000112,C-0503-0002-1,2026-06-01,MIG-2026/0503,,spouse,32203841000112,1450000
Qodirova Madina Karimovna,1967-09-17,41709671000113,'+998770000113,C-0503-0003,2026-06-01,MIG-2026/0503,Driver,employee,,2550000
Qodirov Javohir Farhodovich,1969-06-04,30406691500339,'+998780000113,C-0503-0003-1,2026-06-01,MIG-2026/0503,,spouse,41709671000113,1450000
Qodirov Temur Javohirovich,2015-11-05,30511151500340,,C-0503-0003-2,2026-06-01,MIG-2026/0503,,child,41709671000113,1450000
Nazarov Jasur Shuhratovich,1982-05-10,31005821000114,'+998770000114,C-0503-0004,2026-06-01,MIG-2026/0503,Analyst,employee,,2400000
Nazarova Zarina Shuhratovna,1984-07-07,40707841500342,'+998780000114,C-0503-0004-1,2026-06-01,MIG-2026/0503,,spouse,31005821000114,1450000
Nazarova Kamola Jasurovna,2016-12-08,40812161500343,,C-0503-0004-2,2026-06-01,MIG-2026/0503,,child,31005821000114,1450000
Tursunova Malika Bahromovna,1990-05-26,42605901000115,'+998770000115,C-0503-0005,2026-06-01,MIG-2026/0503,Driver,employee,,2250000
Tursunov Aziz Shuhratovich,1992-08-10,31008921500345,'+998780000115,C-0503-0005-1,2026-06-01,MIG-2026/0503,,spouse,42605901000115,1450000
Tursunov Anvar Azizovich,2017-01-11,31101171500346,,C-0503-0005-2,2026-06-01,MIG-2026/0503,,child,42605901000115,1450000
Ismoilova Sevara Ilhomovna,1983-10-19,41910831000116,'+998770000116,C-0503-0006,2026-06-01,MIG-2026/0503,Engineer,employee,,2400000
Ismoilov Temur Ilhomovich,1985-09-13,31309851500348,'+998780000116,C-0503-0006-1,2026-06-01,MIG-2026/0503,,spouse,41910831000116,1450000
Ismoilova Feruza Temurovna,2018-02-14,41402181500349,,C-0503-0006-2,2026-06-01,MIG-2026/0503,,child,41910831000116,1450000
Saidov Dilshod Shuhratovich,1971-12-20,32012711000117,'+998770000117,C-0503-0007,2026-06-01,MIG-2026/0503,Analyst,employee,,2550000
Saidova Feruza Akmalovna,1973-10-16,41610731500351,'+998780000117,C-0503-0007-1,2026-06-01,MIG-2026/0503,,spouse,32012711000117,1450000
Saidov Jasur Dilshodovich,2019-03-17,31703191500352,,C-0503-0007-2,2026-06-01,MIG-2026/0503,,child,32012711000117,1450000
Nazarov Farrux Akmalovich,1965-02-07,30702651000118,'+998770000118,C-0503-0008,2026-06-01,MIG-2026/0503,Technician,employee,,2700000
Umarov Javohir Alisherovich,1993-03-26,32603931000119,'+998770000119,C-0503-0009,2026-06-01,MIG-2026/0503,Accountant,employee,,2250000
Umarova Shahnoza Karimovna,1995-12-22,42212951500357,'+998780000119,C-0503-0009-1,2026-06-01,MIG-2026/0503,,spouse,32603931000119,1450000
Umarov Otabek Javohirovich,2021-05-23,32305211500358,,C-0503-0009-2,2026-06-01,MIG-2026/0503,,child,32603931000119,1450000
Rahimov Dilshod Zafarovich,1981-10-11,31110811000120,'+998770000120,C-0503-0010,2026-06-01,MIG-2026/0503,Technician,employee,,2400000
Rahimova Dilnoza Alisherovna,1983-01-25,42501831500360,'+998780000120,C-0503-0010-1,2026-06-01,MIG-2026/0503,,spouse,31110811000120,1450000
Rahimova Shahnoza Dilshodovna,2010-06-26,42606101500361,,C-0503-0010-2,2026-06-01,MIG-2026/0503,,child,31110811000120,1450000
Saidova Malika Ravshanovna,1998-07-13,41307981000121,'+998770000121,C-0503-0011,2026-06-01,MIG-2026/0503,Driver,employee,,2100000
Ergashev Sherzod Ravshanovich,1977-12-15,31512771000122,'+998770000122,C-0503-0012,2026-06-01,MIG-2026/0503,Driver,employee,,2400000
Ergasheva Gulnoza Farhodovna,1979-03-03,40303791500366,'+998780000122,C-0503-0012-1,2026-06-01,MIG-2026/0503,,spouse,31512771000122,1450000
Ergasheva Madina Sherzodovna,2012-08-04,40408121500367,,C-0503-0012-2,2026-06-01,MIG-2026/0503,,child,31512771000122,1450000
Nazarov Sanjar Ravshanovich,1987-04-11,31104871000123,'+998770000123,C-0503-0013,2026-06-01,MIG-2026/0503,Economist,employee,,2250000
Nazarova Nigora Ravshanovna,1989-04-06,40604891500369,'+998780000123,C-0503-0013-1,2026-06-01,MIG-2026/0503,,spouse,31104871000123,1450000
Nazarov Dilshod Sanjarovich,2013-09-07,30709131500370,,C-0503-0013-2,2026-06-01,MIG-2026/0503,,child,31104871000123,1450000
Nazarov Javohir Ravshanovich,1999-11-26,32611991000124,'+998770000124,C-0503-0014,2026-06-01,MIG-2026/0503,Engineer,employee,,2100000
Nazarova Zarina Shuhratovna,2001-05-09,40905011500372,'+998780000124,C-0503-0014-1,2026-06-01,MIG-2026/0503,,spouse,32611991000124,1450000
Nazarova Kamola Javohirovna,2023-10-10,41010231500373,,C-0503-0014-2,2026-06-01,MIG-2026/0503,,child,32611991000124,1450000
Hasanov Sherzod Karimovich,2002-06-26,32606021000125,'+998770000125,C-0503-0015,2026-06-01,MIG-2026/0503,Economist,employee,,2100000
Hasanova Madina Ilhomovna,2004-06-12,41206041500375,'+998780000125,C-0503-0015-1,2026-06-01,MIG-2026/0503,,spouse,32606021000125,1450000
Rahimov Rustam Farhodovich,2002-01-04,30401021000126,'+998770000126,C-0503-0016,2026-06-01,MIG-2026/0503,Economist,employee,,2100000
Rahimova Malika Nodirovna,2004-07-15,41507041500378,'+998780000126,C-0503-0016-1,2026-06-01,MIG-2026/0503,,spouse,30401021000126,1450000
Xolmatov Temur Karimovich,1968-03-22,32203681000127,,C-0503-0017,2026-06-01,MIG-2026/0503,Operator,employee,,2550000
Karimova Kamola Ravshanovna,1974-06-21,42106741000128,'+998770000128,C-0503-0018,2026-06-01,MIG-2026/0503,Technician,employee,,2550000
Karimov Temur Akmalovich,1976-09-21,32109761500384,'+998780000128,C-0503-0018-1,2026-06-01,MIG-2026/0503,,spouse,42106741000128,1450000
Tursunova Zarina Farhodovna,1980-12-19,41912801000129,'+998770000129,C-0503-0019,2026-06-01,MIG-2026/0503,Driver,employee,,2400000
Sultonova Kamola Ravshanovna,1972-01-09,40901721000130,'+998770000130,C-0503-0020,2026-06-01,MIG-2026/0503,Analyst,employee,,2550000
Mirzayev Farrux Akmalovich,2001-10-08,30810011000131,'+998770000131,C-0503-0021,2026-06-01,MIG-2026/0503,Economist,employee,,2100000
Mirzayeva Shahnoza Zafarovna,2000-10-19,40101701000132,'+998770000132,C-0503-0022,2026-06-01,MIG-2026/0503,Analyst,employee,,2100000
Mirzayev Jasur Bahromovich,2002-01-05,30501021500396,'+998780000132,C-0503-0022-1,2026-06-01,MIG-2026/0503,,spouse,40101701000132,1450000
Mirzayeva Madina Jasurovna,2024-06-06,40606241500397,,C-0503-0022-2,2026-06-01,MIG-2026/0503,,child,40101701000132,1450000
Xolmatova Feruza Zafarovna,1968-03-24,42403681000133,'+998770000133,C-0503-0023,2026-06-01,MIG-2026/0503,Driver,employee,,2550000
Qodirov Bobur Akmalovich,1977-09-09,30909771000134,'+998770000134,C-0503-0024,2026-06-01,MIG-2026/0503,Operator,employee,,2400000
Qodirova Zarina Shuhratovna,1979-03-11,41103791500402,'+998780000134,C-0503-0024-1,2026-06-01,MIG-2026/0503,,spouse,30909771000134,1450000
Qodirova Kamola Boburovna,2012-08-12,41208121500403,,C-0503-0024-2,2026-06-01,MIG-2026/0503,,child,30909771000134,1450000
Saidov Jasur Bahromovich,1983-09-04,30409831000135,'+998770000135,C-0503-0025,2026-06-01,MIG-2026/0503,Technician,employee,,2400000
Saidova Madina Ilhomovna,1985-04-14,41404851500405,'+998780000135,C-0503-0025-1,2026-06-01,MIG-2026/0503,,spouse,30409831000135,1450000
Saidov Dilshod Jasurovich,2013-09-15,31509131500406,,C-0503-0025-2,2026-06-01,MIG-2026/0503,,child,30409831000135,1450000
Tursunova Madina Zafarovna,1994-01-04,40401941000136,'+998770000136,C-0503-0026,2026-06-01,MIG-2026/0503,Engineer,employee,,2250000
Hasanov Dilshod Ravshanovich,1981-04-21,32104811000137,'+998770000137,C-0503-0027,2026-06-01,MIG-2026/0503,Engineer,employee,,2400000
Hasanova Feruza Akmalovna,1983-06-20,42006831500411,'+998780000137,C-0503-0027-1,2026-06-01,MIG-2026/0503,,spouse,32104811000137,1450000
Hasanov Temur Dilshodovich,2015-11-21,32111151500412,,C-0503-0027-2,2026-06-01,MIG-2026/0503,,child,32104811000137,1450000
Tursunova Feruza Farhodovna,1988-02-07,40702881000138,'+998770000138,C-0503-0028,2026-06-01,MIG-2026/0503,Manager,employee,,2250000
Tursunov Dilshod Akmalovich,1990-07-23,32307901500414,'+998780000138,C-0503-0028-1,2026-06-01,MIG-2026/0503,,spouse,40702881000138,1450000
Tursunova Nigora Dilshodovna,2016-12-24,42412161500415,,C-0503-0028-2,2026-06-01,MIG-2026/0503,,child,40702881000138,1450000
Ergashev Rustam Nodirovich,1993-08-14,31408931000139,'+998770000139,C-0503-0029,2026-06-01,MIG-2026/0503,Economist,employee,,2250000
Ergasheva Shahnoza Karimovna,1995-08-26,42608951500417,'+998780000139,C-0503-0029-1,2026-06-01,MIG-2026/0503,,spouse,31408931000139,1450000
Ergashev Anvar Rustamovich,2017-01-27,32701171500418,,C-0503-0029-2,2026-06-01,MIG-2026/0503,,child,31408931000139,1450000
Xolmatova Zarina Akmalovna,1990-02-11,41102901009004,'+998779000004,C-0503-0902,2026-06-01,MIG-2026/0503,Economist,employee,,
Aliyev Temur Ilhomovich,1977-12-02,30212771000140,'+998770000140,C-0503-0030,2026-06-01,MIG-2026/0503,Accountant,employee,,2400000
Aliyeva Dilnoza Alisherovna,1979-09-01,40109791500420,'+998780000140,C-0503-0030-1,2026-06-01,MIG-2026/0503,,spouse,30212771000140,1450000
Aliyev Otabek Shuhratovich,1967-08-18,31808671000141,'+998770000141,C-0503-0031,2026-06-01,MIG-2026/0503,Economist,employee,,2550000
Aliyeva Kamola Bahromovna,1969-10-04,40410691500423,'+998780000141,C-0503-0031-1,2026-06-01,MIG-2026/0503,,spouse,31808671000141,1450000
Aliyev Jasur Otabekovich,2019-03-05,30503191500424,,C-0503-0031-2,2026-06-01,MIG-2026/0503,,child,31808671000141,1450000
Aliyev Bobur Akmalovich,1982-02-02,30202821000142,'+998770000142,C-0503-0032,2026-06-01,MIG-2026/0503,Operator,employee,,2400000
Aliyeva Gulnoza Farhodovna,1984-11-07,40711841500426,'+998780000142,C-0503-0032-1,2026-06-01,MIG-2026/0503,,spouse,30202821000142,1450000
Aliyeva Madina Boburovna,2020-04-08,40804201500427,,C-0503-0032-2,2026-06-01,MIG-2026/0503,,child,30202821000142,1450000
Umarov Aziz Ravshanovich,1982-02-13,31302821000143,'+998770000143,C-0503-0033,2026-06-01,MIG-2026/0503,Manager,employee,,2400000
Saidova Gulnoza Ravshanovna,1976-05-13,41305761000144,'+998770000144,C-0503-0034,2026-06-01,MIG-2026/0503,Operator,employee,,2550000
Saidov Jasur Ravshanovich,1978-01-13,31301781500432,'+998780000144,C-0503-0034-1,2026-06-01,MIG-2026/0503,,spouse,41305761000144,1450000
Saidova Kamola Jasurovna,2010-06-14,41406101500433,,C-0503-0034-2,2026-06-01,MIG-2026/0503,,child,41305761000144,1450000
Xolmatov Dilshod Ravshanovich,1981-03-09,30903811000145,'+998770000145,C-0503-0035,2026-06-01,MIG-2026/0503,Manager,employee,,2400000
Xolmatova Madina Ilhomovna,1983-02-16,41602831500435,'+998780000145,C-0503-0035-1,2026-06-01,MIG-2026/0503,,spouse,30903811000145,1450000
Rahimov Javohir Zafarovich,2002-05-04,30405021000146,'+998770000146,C-0503-0036,2026-06-01,MIG-2026/0503,Engineer,employee,,2100000
Rahimova Malika Nodirovna,2004-03-19,41903041500438,'+998780000146,C-0503-0036-1,2026-06-01,MIG-2026/0503,,spouse,30405021000146,1450000
Rahimova Feruza Javohirovna,2024-08-20,42008241500439,,C-0503-0036-2,2026-06-01,MIG-2026/0503,,child,30405021000146,1450000
Aliyeva Feruza Ravshanovna,1966-04-27,42704661000147,'+998770000147,C-0503-0037,2026-06-01,MIG-2026/0503,Technician,employee,,2700000
Umarov Jasur Ilhomovich,1972-12-09,30912721000148,'+998770000148,C-0503-0038,2026-09-15,MIG-2026/0503,Operator,employee,,2550000
Mirzayeva Zarina Bahromovna,1988-10-07,40710881000149,'+998770000149,C-0503-0039,2026-09-15,MIG-2026/0503,Engineer,employee,,2250000
Mirzayev Javohir Zafarovich,1990-06-28,32806901500447,'+998780000149,C-0503-0039-1,2026-09-15,MIG-2026/0503,,spouse,40710881000149,1450000
Mirzayev Temur Javohirovich,2015-11-01,30111151500448,,C-0503-0039-2,2026-09-15,MIG-2026/0503,,child,40710881000149,1450000
Rahimova Shahnoza Bahromovna,1965-02-04,40402651000150,'+998770000150,C-0503-0040,2026-09-15,MIG-2026/0503,Economist,employee,,2700000
Rahimov Dilshod Karimovich,1967-07-03,30307671500450,'+998780000150,C-0503-0040-1,2026-09-15,MIG-2026/0503,,spouse,40402651000150,1450000
Rahimova Shahnoza Dilshodovna,2016-12-04,40412161500451,,C-0503-0040-2,2026-09-15,MIG-2026/0503,,child,40402651000150,1450000
Umarov Aziz Akmalovich,2002-02-22,30704851009003,'+998779000003,C-0503-0901,2026-01-10,MIG-2026/0504,Manager,employee,,
Hasanov Temur Ilhomovich,2002-02-22,32202021000151,'+998770000151,C-0504-0001,2026-09-01,MIG-2026/0504,Manager,employee,,
Hasanova Kamola Bahromovna,2004-08-06,40608041500453,'+998780000151,C-0504-0001-1,2026-09-01,MIG-2026/0504,,spouse,32202021000151,
Hasanov Anvar Temurovich,2024-01-07,30701241500454,,C-0504-0001-2,2026-09-01,MIG-2026/0504,,child,32202021000151,
Aliyeva Nigora Shuhratovna,1969-01-04,40401691000152,'+998770000152,C-0504-0002,2026-09-01,MIG-2026/0504,Manager,employee,,
Aliyev Temur Bahromovich,1971-09-09,30909711500456,'+998780000152,C-0504-0002-1,2026-09-01,MIG-2026/0504,,spouse,40401691000152,
Aliyeva Madina Temurovna,2018-02-10,41002181500457,,C-0504-0002-2,2026-09-01,MIG-2026/0504,,child,40401691000152,
Ergashev Sherzod Zafarovich,1996-12-14,31412961000153,'+998770000153,C-0504-0003,2026-09-01,MIG-2026/0504,Manager,employee,,
Ergasheva Nigora Ravshanovna,1998-10-12,41210981500459,'+998780000153,C-0504-0003-1,2026-09-01,MIG-2026/0504,,spouse,31412961000153,
Aliyev Otabek Bahromovich,1972-04-19,31904721000154,'+998770000154,C-0504-0004,2026-09-01,MIG-2026/0504,Engineer,employee,,
Aliyeva Zarina Shuhratovna,1974-11-15,41511741500462,'+998780000154,C-0504-0004-1,2026-09-01,MIG-2026/0504,,spouse,31904721000154,
Yusupova Malika Ilhomovna,1986-04-10,41004861000155,'+998770000155,C-0504-0005,2026-09-01,MIG-2026/0504,Driver,employee,,
Mirzayev Aziz Karimovich,1975-10-21,32110751000156,'+998770000156,C-0504-0006,2026-09-01,MIG-2026/0504,Manager,employee,,
Aliyeva Feruza Alisherovna,1987-11-25,42511871000157,'+998770000157,C-0504-0007,2026-09-01,MIG-2026/0504,Technician,employee,,
Aliyev Rustam Nodirovich,1989-02-24,32402891500471,'+998780000157,C-0504-0007-1,2026-09-01,MIG-2026/0504,,spouse,42511871000157,
Aliyev Farrux Rustamovich,2011-07-25,32507111500472,,C-0504-0007-2,2026-09-01,MIG-2026/0504,,child,42511871000157,
Karimov Dilshod Akmalovich,1983-10-03,30310831000158,'+998770000158,C-0504-0008,2026-09-01,MIG-2026/0504,Accountant,employee,,
Rahimov Otabek Ilhomovich,1966-04-24,32404661000159,'+998770000159,C-0504-0009,2026-09-01,MIG-2026/0504,Technician,employee,,
Rahimova Shahnoza Karimovna,1968-04-02,40204681500477,'+998780000159,C-0504-0009-1,2026-09-01,MIG-2026/0504,,spouse,32404661000159,
Rahimov Dilshod Otabekovich,2013-09-03,30309131500478,,C-0504-0009-2,2026-09-01,MIG-2026/0504,,child,32404661000159,
Umarov Farrux Akmalovich,1973-01-21,32101731000160,'+998770000160,C-0504-0010,2026-09-01,MIG-2026/0504,Accountant,employee,,
Aliyev Otabek Bahromovich,1969-06-23,32306691000161,'+998770000161,C-0504-0011,2026-09-01,MIG-2026/0504,Manager,employee,,
Aliyeva Kamola Bahromovna,1971-06-08,40806711500483,'+998780000161,C-0504-0011-1,2026-09-01,MIG-2026/0504,,spouse,32306691000161,
Xolmatova Shahnoza Farhodovna,1998-08-17,41708981000162,'+998770000162,C-0504-0012,2026-09-01,MIG-2026/0504,Economist,employee,,
Xolmatov Dilshod Bahromovich,2000-07-11,31107001500486,'+998780000162,C-0504-0012-1,2026-09-01,MIG-2026/0504,,spouse,41708981000162,
Xolmatova Shahnoza Nodirovna,1992-04-02,40204921000163,'+998770000163,C-0504-0013,2026-09-01,MIG-2026/0504,Technician,employee,,
Qodirov Farrux Alisherovich,1987-05-23,32305871000164,'+998770000164,C-0504-0014,2026-09-01,MIG-2026/0504,Driver,employee,,
Qodirova Zarina Shuhratovna,1989-09-17,41709891500492,'+998780000164,C-0504-0014-1,2026-09-01,MIG-2026/0504,,spouse,32305871000164,
Qodirova Kamola Farruxovna,2018-02-18,41802181500493,,C-0504-0014-2,2026-09-01,MIG-2026/0504,,child,32305871000164,
Aliyeva Sevara Bahromovna,2000-07-27,42707001000165,'+998770000165,C-0504-0015,2026-09-01,MIG-2026/0504,Manager,employee,,
Aliyev Sherzod Shuhratovich,2002-10-20,32010021500495,'+998780000165,C-0504-0015-1,2026-09-01,MIG-2026/0504,,spouse,42707001000165,
Abdullayev Rustam Zafarovich,1998-10-14,31410981000166,'+998770000166,C-0504-0016,2026-09-01,MIG-2026/0504,Operator,employee,,
Abdullayeva Malika Nodirovna,2000-11-23,42311001500498,'+998780000166,C-0504-0016-1,2026-09-01,MIG-2026/0504,,spouse,31410981000166,
Xolmatova Zarina Alisherovna,1989-06-11,41106891000167,,C-0504-0017,2026-09-01,MIG-2026/0504,Economist,employee,,
Xolmatov Sanjar Nodirovich,1991-12-26,32612911500501,'+998780000167,C-0504-0017-1,2026-09-01,MIG-2026/0504,,spouse,41106891000167,
Hasanova Zarina Ravshanovna,1974-05-23,42305741000168,'+998770000168,C-0504-0018,2026-09-01,MIG-2026/0504,Accountant,employee,,
Hasanov Aziz Alisherovich,1974-11-19,31911741000169,'+998770000169,C-0504-0019,2026-09-01,MIG-2026/0504,Driver,employee,,
Ismoilova Gulnoza Nodirovna,1992-02-25,42502921000170,'+998770000170,C-0504-0020,2026-09-01,MIG-2026/0504,Accountant,employee,,
Nazarov Farrux Farhodovich,1975-11-03,30311751000171,'+998770000171,C-0504-0021,2026-09-01,MIG-2026/0504,Analyst,employee,,
Nazarova Kamola Bahromovna,1977-04-10,41004771500513,'+998780000171,C-0504-0021-1,2026-09-01,MIG-2026/0504,,spouse,30311751000171,
Nazarov Dilshod Farruxovich,2013-09-11,31109131500514,,C-0504-0021-2,2026-09-01,MIG-2026/0504,,child,30311751000171,
Rahimova Gulnoza Alisherovna,1981-01-20,42001811000172,'+998770000172,C-0504-0022,2026-09-01,MIG-2026/0504,Driver,employee,,
Rahimov Farrux Bahromovich,1983-05-13,31305831500516,'+998780000172,C-0504-0022-1,2026-09-01,MIG-2026/0504,,spouse,42001811000172,
Ergasheva Nigora Alisherovna,1998-08-20,42008981000173,'+998770000173,C-0504-0023,2026-09-01,MIG-2026/0504,Operator,employee,,
Ergashev Javohir Farhodovich,2000-06-16,31606001500519,'+998780000173,C-0504-0023-1,2026-09-01,MIG-2026/0504,,spouse,42008981000173,
Umarova Dilnoza Nodirovna,1998-05-21,42105981000174,'+998770000174,C-0504-0024,2026-09-01,MIG-2026/0504,Economist,employee,,
Umarova Dilnoza Bahromovna,1985-06-07,40706851000175,'+998770000175,C-0504-0025,2026-09-01,MIG-2026/0504,Engineer,employee,,
Tursunov Sanjar Ravshanovich,1968-03-01,30103681000176,'+998770000176,C-0504-0026,2026-09-01,MIG-2026/0504,Economist,employee,,
Tursunova Malika Nodirovna,1970-09-25,42509701500528,'+998780000176,C-0504-0026-1,2026-09-01,MIG-2026/0504,,spouse,30103681000176,
Tursunova Feruza Sanjarovna,2018-02-26,42602181500529,,C-0504-0026-2,2026-09-01,MIG-2026/0504,,child,30103681000176,
Ergashev Sanjar Ravshanovich,1999-12-17,31712991000177,'+998770000177,C-0504-0027,2026-09-01,MIG-2026/0504,Driver,employee,,
Saidova Gulnoza Zafarovna,1979-02-15,41502791000178,'+998770000178,C-0504-0028,2026-09-15,MIG-2026/0504,Economist,employee,,
Saidov Anvar Akmalovich,1981-11-03,30311811500534,'+998780000178,C-0504-0028-1,2026-09-15,MIG-2026/0504,,spouse,41502791000178,
Sultonova Zarina Akmalovna,1985-04-06,40604851000179,'+998770000179,C-0504-0029,2026-09-15,MIG-2026/0504,Accountant,employee,,
Ismoilova Nigora Farhodovna,1991-11-28,42811911000180,'+998770000180,C-0504-0030,2026-09-15,MIG-2026/0504,Operator,employee,,
Karimova Dilnoza Farhodovna,2000-05-04,40405001000181,'+998770000181,C-0505-0001,2026-05-01,MIG-2026/0505,Operator,employee,,2100000
Saidov Javohir Ilhomovich,1971-04-05,30504711000182,'+998770000182,C-0505-0002,2026-05-01,MIG-2026/0505,Manager,employee,,2550000
Qodirov Otabek Alisherovich,1982-07-21,32107821000183,'+998770000183,C-0505-0003,2026-05-01,MIG-2026/0505,Analyst,employee,,
Qodirova Nigora Ravshanovna,1984-04-18,41804841500549,'+998780000183,C-0505-0003-1,2026-05-01,MIG-2026/0505,,spouse,32107821000183,
Qodirov Dilshod Otabekovich,2013-09-19,31909131500550,,C-0505-0003-2,2026-05-01,MIG-2026/0505,,child,32107821000183,
Karimov Bobur Farhodovich,1976-05-14,31405761000184,'+998770000184,C-0505-0004,2026-05-01,MIG-2026/0505,Technician,employee,,
Karimova Zarina Shuhratovna,1978-05-21,42105781500552,'+998780000184,C-0505-0004-1,2026-05-01,MIG-2026/0505,,spouse,31405761000184,
Karimova Kamola Boburovna,2014-10-22,42210141500553,,C-0505-0004-2,2026-05-01,MIG-2026/0505,,child,31405761000184,
Qodirova Dilnoza Ilhomovna,2002-12-15,41512021000185,'+998770000185,C-0505-0005,2026-05-01,MIG-2026/0505,Engineer,employee,,
Qodirov Javohir Shuhratovich,2004-06-24,32406041500555,'+998780000185,C-0505-0005-1,2026-05-01,MIG-2026/0505,,spouse,41512021000185,
Ergashev Jasur Zafarovich,1980-02-10,31002801000186,'+998770000186,C-0505-0006,2026-05-01,MIG-2026/0505,Accountant,employee,,
Ismoilov Rustam Farhodovich,1966-04-23,32304661000187,'+998770000187,C-0505-0007,2026-05-01,MIG-2026/0505,Operator,employee,,
Ergashev Jasur Zafarovich,1976-11-27,32711761000188,'+998770000188,C-0505-0008,2026-05-01,MIG-2026/0505,Manager,employee,,
Abdullayeva Feruza Ravshanovna,1973-11-23,42311731000189,'+998770000189,C-0505-0009,2026-05-01,MIG-2026/0505,Technician,employee,,
Mirzayev Temur Karimovich,1981-12-11,31112811000190,'+998770000190,C-0505-0010,2026-05-01,MIG-2026/0505,Accountant,employee,,
Mirzayeva Dilnoza Alisherovna,1983-11-11,41111831500570,'+998780000190,C-0505-0010-1,2026-05-01,MIG-2026/0505,,spouse,31112811000190,
Umarov Temur Alisherovich,1996-01-26,32601961000191,'+998770000191,C-0505-0011,2026-05-01,MIG-2026/0505,Technician,employee,,
Umarova Kamola Bahromovna,1998-12-14,41412981500573,'+998780000191,C-0505-0011-1,2026-05-01,MIG-2026/0505,,spouse,32601961000191,
Qodirov Bobur Ilhomovich,1976-05-21,32105761000192,'+998770000192,C-0505-0012,2026-05-01,MIG-2026/0505,Operator,employee,,
Qodirova Gulnoza Farhodovna,1978-01-17,41701781500576,'+998780000192,C-0505-0012-1,2026-05-01,MIG-2026/0505,,spouse,32105761000192,
Qodirova Madina Boburovna,2010-06-18,41806101500577,,C-0505-0012-2,2026-05-01,MIG-2026/0505,,child,32105761000192,
Hasanova Nigora Akmalovna,1969-03-11,41103691000193,'+998770000193,C-0505-0013,2026-05-01,MIG-2026/0505,Engineer,employee,,
Karimov Sanjar Ravshanovich,1996-02-12,31202961000194,'+998770000194,C-0505-0014,2026-05-01,MIG-2026/0505,Economist,employee,,
Karimova Zarina Shuhratovna,1998-03-23,42303981500582,'+998780000194,C-0505-0014-1,2026-05-01,MIG-2026/0505,,spouse,31202961000194,
Karimova Kamola Sanjarovna,2020-08-24,42408201500583,,C-0505-0014-2,2026-05-01,MIG-2026/0505,,child,31202961000194,
Qodirov Farrux Nodirovich,1999-12-07,30712991000195,'+998770000195,C-0505-0015,2026-05-01,MIG-2026/0505,Manager,employee,,
Mirzayev Jasur Ilhomovich,1975-02-19,31902751000196,'+998770000196,C-0505-0016,2026-05-01,MIG-2026/0505,Economist,employee,,
Mirzayeva Malika Nodirovna,1977-05-01,40105771500588,'+998780000196,C-0505-0016-1,2026-05-01,MIG-2026/0505,,spouse,31902751000196,
Xolmatova Nigora Alisherovna,1991-07-02,40207911000197,'+998770000197,C-0505-0017,2026-05-01,MIG-2026/0505,Driver,employee,,
Xolmatov Javohir Nodirovich,1993-06-04,30406931500591,'+998780000197,C-0505-0017-1,2026-05-01,MIG-2026/0505,,spouse,40207911000197,
Ismoilov Javohir Farhodovich,2000-11-27,32711001000198,'+998770000198,C-0505-0018,2026-09-15,MIG-2026/0505,Operator,employee,,
Ismoilova Sevara Zafarovna,2002-07-07,40707021500594,'+998780000198,C-0505-0018-1,2026-09-15,MIG-2026/0505,,spouse,32711001000198,
Aliyev Temur Bahromovich,1970-08-05,30508701000199,'+998770000199,C-0505-0019,2026-09-15,MIG-2026/0505,Manager,employee,,
Aliyeva Shahnoza Karimovna,1972-08-10,41008721500597,'+998780000199,C-0505-0019-1,2026-09-15,MIG-2026/0505,,spouse,30508701000199,
Xolmatova Gulnoza Ilhomovna,1988-07-15,41507881000200,'+998770000200,C-0505-0020,2026-09-15,MIG-2026/0505,Economist,employee,,
Xolmatov Temur Karimovich,1990-09-13,31309901500600,'+998780000200,C-0505-0020-1,2026-09-15,MIG-2026/0505,,spouse,41507881000200,
Xolmatova Shahnoza Temurovna,2018-02-14,41402181500601,,C-0505-0020-2,2026-09-15,MIG-2026/0505,,child,41507881000200,
