oldNumber,pinfl,oldCertificate,category,serviceDate,provider,amountClaimed,reserve,status
CL-2026-7701,32402781000004,C-0501-0004,doctor_visit,2026-09-05,Shifo Med Center,850000,680000,new
CL-2026-7702,40207961000023,C-0501-0023,diagnostics,2026-09-07,Akfa Medline,1275000,1275000,review
CL-2026-7703,41611921000042,C-0501-0042,medicines,2026-09-09,Dentaprime Clinic,1700000,1700000,medical_review
CL-2026-7704,31909791000061,C-0502-0001,dental,2026-09-11,Medion Family Clinic,2125000,1700000,new
CL-2026-7705,42302651000080,C-0502-0020,inpatient,2026-09-13,Shifo Med Center,2550000,2550000,review
CL-2026-7799,32402781000004,C-0501-0004,doctor_visit,2026-09-05,Shifo Med Center,850000,600000,paid
CL-2026-7706,32511011000099,C-0502-0039,doctor_visit,2026-09-15,Akfa Medline,2975000,2975000,medical_review
CL-2026-7707,30702651000118,C-0503-0008,diagnostics,2026-09-17,Dentaprime Clinic,3400000,2720000,new
CL-2026-7708,32104811000137,C-0503-0027,medicines,2026-09-19,Medion Family Clinic,3825000,3825000,review
CL-2026-7709,32110751000156,C-0504-0006,dental,2026-09-21,Shifo Med Center,4250000,4250000,medical_review
CL-2026-7710,40706851000175,C-0504-0025,inpatient,2026-09-23,Akfa Medline,4675000,3740000,new
