fullName,birthDate,pinfl,phone,oldCertificate,inclusionDate,contractOldNumber,position,familyMembers,premium
Abdullayev Jasur Karimovich,1988-05-14,31405881000001,'+998770000001,C-0501-0001,2026-07-01,MIG-2026/0501,Accountant,1,
Aliyev Anvar Bahromovich,1968-09-10,31009681000002,'+998770000002,C-0501-0002,2026-07-01,MIG-2026/0501,Operator,1,
Yusupov Temur Karimovich,1977-05-24,32405771000003,'+998770000003,C-0501-0003,2026-07-01,MIG-2026/0501,Technician,1,
Yusupov Rustam Akmalovich,1978-02-24,32402781000004,'+998770000004,C-0501-0004,2026-07-01,MIG-2026/0501,Operator,1,
Xolmatova Shahnoza Bahromovna,1982-07-28,42807821000005,'+998770000005,C-0501-0005,2026-07-01,MIG-2026/0501,Operator,0,
Abdullayeva Kamola Alisherovna,1993-11-28,42811931000006,'+998770000006,C-0501-0006,2026-07-01,MIG-2026/0501,Manager,1,
Yusupov Jasur Akmalovich,1994-04-05,30504941000007,,C-0501-0007,2026-07-01,MIG-2026/0501,Engineer,2,
Abdullayev Anvar Ilhomovich,1993-12-14,31412931000008,'+998770000008,C-0501-0008,2026-07-01,MIG-2026/0501,Manager,2,
Xolmatova Malika Akmalovna,1989-01-26,42601891000009,'+998770000009,C-0501-0009,2026-07-01,MIG-2026/0501,Operator,1,
Xolmatova Malika Bahromovna,1999-09-23,42309991000010,'+998770000010,C-0501-0010,2026-07-01,MIG-2026/0501,Operator,2,
Ergashev Bobur Nodirovich,1992-06-17,3120588100090,'+998779000001,C-0501-0901,2026-07-01,MIG-2026/0501,Engineer,2,
Rahimov Jasur Karimovich,1992-06-17,31706921000011,'+998770000011,C-0501-0011,2026-07-01,MIG-2026/0501,Engineer,2,
Rahimov Sherzod Zafarovich,1977-01-05,30501771000012,'+998770000012,C-0501-0012,2026-07-01,MIG-2026/0501,Economist,1,
Karimova Feruza Alisherovna,1987-07-08,40807871000013,'+998770000013,C-0501-0013,2026-07-01,MIG-2026/0501,Analyst,1,
Aliyeva Nigora Nodirovna,1993-08-09,40908931000014,'+998770000014,C-0501-0014,2026-07-01,MIG-2026/0501,Economist,2,
Qodirova Malika Shuhratovna,1975-01-02,40201751000015,'+998770000015,C-0501-0015,2026-07-01,MIG-2026/0501,Accountant,1,
Rahimova Kamola Karimovna,1976-08-04,40408761000016,'+998770000016,C-0501-0016,2026-07-01,MIG-2026/0501,Accountant,1,
Rahimov Otabek Zafarovich,1998-05-01,30105981000017,'+998770000017,C-0501-0017,2026-07-01,MIG-2026/0501,Driver,1,
Hasanov Jasur Ravshanovich,1999-05-26,32605991000018,'+998770000018,C-0501-0018,2026-07-01,MIG-2026/0501,Accountant,2,
Ismoilova Gulnoza Ilhomovna,1973-09-20,42009731000019,'+998770000019,C-0501-0019,2026-07-01,MIG-2026/0501,Analyst,2,
Abdullayeva Feruza Akmalovna,1981-12-06,40612811000020,'+998770000020,C-0501-0020,2026-07-01,MIG-2026/0501,Engineer,2,
Nazarov Farrux Nodirovich,1969-10-14,31410691000021,'+998770000021,C-0501-0021,2026-07-01,MIG-2026/0501,Accountant,0,
Tursunov Jasur Zafarovich,1995-07-21,32107951000022,'+998770000022,C-0501-0022,2026-07-01,MIG-2026/0501,Economist,2,
Saidova Gulnoza Farhodovna,1996-07-02,40207961000023,'+998770000023,C-0501-0023,2026-07-01,MIG-2026/0501,Manager,2,
Sultonov Sherzod Akmalovich,2000-07-13,31307001000024,'+998770000024,C-0501-0024,2026-07-01,MIG-2026/0501,Accountant,1,
Abdullayev Bobur Zafarovich,1983-05-01,30101701000025,'+998770000025,C-0501-0025,2026-07-01,MIG-2026/0501,Driver,1,
Tursunova Gulnoza Nodirovna,1993-10-24,42410931000026,'+998770000026,C-0501-0026,2026-07-01,MIG-2026/0501,Driver,0,
Yusupov Rustam Akmalovich,1986-07-19,31907861000027,'+998770000027,C-0501-0027,2026-07-01,MIG-2026/0501,Engineer,2,
Aliyeva Shahnoza Farhodovna,1984-02-05,40502841000028,'+998770000028,C-0501-0028,2026-07-01,MIG-2026/0501,Operator,2,
Abdullayeva Dilnoza Shuhratovna,1989-08-22,42208891000029,'+998770000029,C-0501-0029,2026-07-01,MIG-2026/0501,Accountant,0,
Sultonova Gulnoza Zafarovna,1987-10-10,41010871000030,'+998770000030,C-0501-0030,2026-07-01,MIG-2026/0501,Engineer,2,
Hasanov Dilshod Alisherovich,1994-11-11,31111941000031,'+998770000031,C-0501-0031,2026-07-01,MIG-2026/0501,Engineer,0,
Ergashev Sanjar Ravshanovich,1998-03-04,30403981000032,'+998770000032,C-0501-0032,2026-07-01,MIG-2026/0501,Technician,0,
Qodirov Jasur Farhodovich,1980-06-13,31306801000033,'+998770000033,C-0501-0033,2026-07-01,MIG-2026/0501,Operator,0,
Ergashev Bobur Ravshanovich,1976-04-24,32404761000034,'+998770000034,C-0501-0034,2026-07-01,MIG-2026/0501,Engineer,0,
Tursunov Anvar Akmalovich,1989-05-25,32505891000035,'+998770000035,C-0501-0035,2026-07-01,MIG-2026/0501,Engineer,0,
Karimov Farrux Karimovich,1997-11-10,31011971000036,'+998770000036,C-0501-0036,2026-07-01,MIG-2026/0501,Manager,2,
Ergashev Aziz Karimovich,1966-06-13,31306661000037,'+998770000037,C-0501-0037,2026-07-01,MIG-2026/0501,Analyst,1,
Yusupov Sherzod Bahromovich,2001-03-27,32703011000038,'+998770000038,C-0501-0038,2026-07-01,MIG-2026/0501,Engineer,2,
Yusupov Bobur Akmalovich,1983-01-01,30101831000039,'+998770000039,C-0501-0039,2026-07-01,MIG-2026/0501,Economist,2,
Tursunova Malika Bahromovna,1995-11-28,42811951000040,'+998770000040,C-0501-0040,2026-07-01,MIG-2026/0501,Analyst,0,
Saidova Sevara Akmalovna,1995-11-09,40911951000041,'+998770000041,C-0501-0041,2026-07-01,MIG-2026/0501,Operator,2,
Ismoilova Feruza Farhodovna,1992-11-16,41611921000042,'+998770000042,C-0501-0042,2026-07-01,MIG-2026/0501,Accountant,2,
Umarov Sherzod Farhodovich,1972-11-18,31811721000043,'+998770000043,C-0501-0043,2026-07-01,MIG-2026/0501,Driver,1,
Saidov Sherzod Nodirovich,1968-03-15,31503681000044,'+998770000044,C-0501-0044,2026-07-01,MIG-2026/0501,Accountant,1,
Qodirov Otabek Shuhratovich,1992-12-19,31912921000045,'+998770000045,C-0501-0045,2026-07-01,MIG-2026/0501,Manager,1,
Xolmatov Farrux Akmalovich,1985-03-23,32303851000046,'+998770000046,C-0501-0046,2026-07-01,MIG-2026/0501,Analyst,1,
Tursunova Sevara Farhodovna,1965-03-22,42203651000047,,C-0501-0047,2026-07-01,MIG-2026/0501,Technician,2,
Xolmatova Shahnoza Alisherovna,2001-07-10,41007011000048,'+998770000048,C-0501-0048,2026-07-01,MIG-2026/0501,Economist,1,
Ergashev Temur Alisherovich,1975-05-01,30105751000049,'+998770000049,C-0501-0049,2026-07-01,MIG-2026/0501,Driver,1,
Umarov Javohir Nodirovich,1986-09-19,31909861000050,'+998770000050,C-0501-0050,2026-07-01,MIG-2026/0501,Driver,0,
Tursunova Shahnoza Alisherovna,2001-05-01,40105011000051,'+998770000051,C-0501-0051,2026-07-01,MIG-2026/0501,Economist,1,
Nazarova Nigora Zafarovna,1983-03-22,42203831000052,'+998770000052,C-0501-0052,2026-07-01,MIG-2026/0501,Technician,2,
Xolmatov Rustam Farhodovich,1987-11-08,30811871000053,'+998770000053,C-0501-0053,2026-07-01,MIG-2026/0501,Technician,0,
Karimov Rustam Akmalovich,1988-08-18,31808881000054,'+998770000054,C-0501-0054,2026-07-01,MIG-2026/0501,Driver,0,
Nazarova Feruza Ilhomovna,1979-04-18,41804791000055,'+998770000055,C-0501-0055,2026-07-01,MIG-2026/0501,Manager,2,
Yusupov Farrux Akmalovich,1967-10-10,31010671000056,'+998770000056,C-0501-0056,2026-07-01,MIG-2026/0501,Driver,0,
Umarov Javohir Alisherovich,1977-01-03,30301771000057,'+998770000057,C-0501-0057,2026-07-01,MIG-2026/0501,Operator,1,
Abdullayev Otabek Bahromovich,1986-06-24,32406861000058,'+998770000058,C-0501-0058,2026-09-15,MIG-2026/0501,Technician,1,
Nazarova Shahnoza Farhodovna,1977-09-06,40609771000059,'+998770000059,C-0501-0059,2026-09-15,MIG-2026/0501,Engineer,0,
Rahimova Sevara Ravshanovna,1984-01-19,41901841000060,'+998770000060,C-0501-0060,2026-09-15,MIG-2026/0501,Analyst,1,
Qodirov Sanjar Karimovich,1979-09-19,31909791000061,'+998770000061,C-0502-0001,2026-04-01,MIG-2026/0502,Economist,0,
Abdullayeva Kamola Akmalovna,1978-10-01,40110781000062,'+998770000062,C-0502-0002,2026-04-01,MIG-2026/0502,Technician,0,
Mirzayeva Gulnoza Ilhomovna,1975-02-03,40302751000063,'+998770000063,C-0502-0003,2026-04-01,MIG-2026/0502,Technician,0,
Saidov Anvar Ilhomovich,1973-06-25,32506731000064,'+998770000064,C-0502-0004,2026-04-01,MIG-2026/0502,Technician,2,
Karimov Jasur Alisherovich,2000-01-08,30801001000065,'+998770000065,C-0502-0005,2026-04-01,MIG-2026/0502,Economist,1,
Hasanova Gulnoza Zafarovna,1975-08-04,40408751000066,'+998770000066,C-0502-0006,2026-04-01,MIG-2026/0502,Manager,1,
Rahimova Shahnoza Nodirovna,1996-03-12,41203961000067,'+998770000067,C-0502-0007,2026-04-01,MIG-2026/0502,Operator,2,
Rahimov Temur Karimovich,1993-02-13,31302931000068,'+998770000068,C-0502-0008,2026-04-01,MIG-2026/0502,Economist,2,
Qodirov Bobur Zafarovich,1996-02-25,32502961000069,'+998770000069,C-0502-0009,2026-04-01,MIG-2026/0502,Technician,2,
Saidova Lola Farhodovna,1981-12-18,41503901009002,'+998779000002,C-0999-0001,2026-04-01,MIG-2026/0999,Accountant,1,
Nazarov Bobur Farhodovich,1981-04-03,30304811000070,'+998770000070,C-0502-0010,2026-04-01,MIG-2026/0502,Accountant,2,
Tursunov Aziz Akmalovich,1981-12-18,31812811000071,'+998770000071,C-0502-0011,2026-04-01,MIG-2026/0502,Accountant,1,
Saidov Farrux Alisherovich,1971-12-13,31312711000072,'+998770000072,C-0502-0012,2026-04-01,MIG-2026/0502,Accountant,1,
Sultonov Dilshod Alisherovich,2001-04-10,31004011000073,'+998770000073,C-0502-0013,2026-04-01,MIG-2026/0502,Technician,2,
Rahimova Gulnoza Ilhomovna,1985-06-10,41006851000074,'+998770000074,C-0502-0014,2026-04-01,MIG-2026/0502,Operator,0,
Yusupova Gulnoza Alisherovna,1999-03-05,40503991000075,'+998770000075,C-0502-0015,2026-04-01,MIG-2026/0502,Analyst,2,
Nazarov Sherzod Karimovich,1971-06-04,30406711000076,'+998770000076,C-0502-0016,2026-04-01,MIG-2026/0502,Accountant,1,
Ergasheva Zarina Nodirovna,1969-07-14,41407691000077,'+998770000077,C-0502-0017,2026-04-01,MIG-2026/0502,Accountant,2,
Hasanov Temur Bahromovich,1992-08-15,31508921000078,'+998770000078,C-0502-0018,2026-04-01,MIG-2026/0502,Analyst,1,
Ergasheva Kamola Bahromovna,1986-07-05,40507861000079,'+998770000079,C-0502-0019,2026-04-01,MIG-2026/0502,Economist,2,
Hasanova Nigora Ilhomovna,1965-02-23,42302651000080,'+998770000080,C-0502-0020,2026-04-01,MIG-2026/0502,Engineer,0,
Mirzayev Dilshod Ravshanovich,1998-01-14,31401981000081,'+998770000081,C-0502-0021,2026-04-01,MIG-2026/0502,Driver,2,
Saidova Malika Ravshanovna,1990-05-05,40505901000082,'+998770000082,C-0502-0022,2026-04-01,MIG-2026/0502,Analyst,2,
Qodirova Kamola Akmalovna,1978-09-17,41709781000083,'+998770000083,C-0502-0023,2026-04-01,MIG-2026/0502,Engineer,1,
Karimov Dilshod Karimovich,1986-01-03,30301861000084,'+998770000084,C-0502-0024,2026-04-01,MIG-2026/0502,Operator,2,
Saidova Gulnoza Ravshanovna,1970-08-26,42608701000085,'+998770000085,C-0502-0025,2026-04-01,MIG-2026/0502,Driver,0,
Tursunova Madina Akmalovna,1989-09-23,42309891000086,'+998770000086,C-0502-0026,2026-04-01,MIG-2026/0502,Analyst,1,
Abdullayev Aziz Farhodovich,1995-08-15,31508951000087,,C-0502-0027,2026-04-01,MIG-2026/0502,Accountant,1,
Mirzayev Farrux Bahromovich,1966-04-08,30804661000088,'+998770000088,C-0502-0028,2026-04-01,MIG-2026/0502,Engineer,0,
Qodirov Sherzod Alisherovich,1979-10-01,30110791000089,'+998770000089,C-0502-0029,2026-04-01,MIG-2026/0502,Driver,1,
Saidova Feruza Akmalovna,1990-08-07,40708901000090,'+998770000090,C-0502-0030,2026-04-01,MIG-2026/0502,Technician,0,
Abdullayev Jasur Nodirovich,1977-05-21,32105771000091,'+998770000091,C-0502-0031,2026-04-01,MIG-2026/0502,Operator,1,
Abdullayev Dilshod Karimovich,1980-11-24,32411801000092,'+998770000092,C-0502-0032,2026-04-01,MIG-2026/0502,Operator,0,
Tursunova Malika Nodirovna,1966-11-06,40611661000093,'+998770000093,C-0502-0033,2026-04-01,MIG-2026/0502,Driver,2,
Sultonova Shahnoza Alisherovna,1984-08-28,42808841000094,'+998770000094,C-0502-0034,2026-04-01,MIG-2026/0502,Operator,1,
Tursunov Aziz Shuhratovich,1992-04-07,30704921000095,'+998770000095,C-0502-0035,2026-04-01,MIG-2026/0502,Economist,2,
Ergasheva Malika Shuhratovna,1968-09-07,40709681000096,'+998770000096,C-0502-0036,2026-04-01,MIG-2026/0502,Accountant,1,
Aliyev Temur Ravshanovich,1971-11-26,32611711000097,'+998770000097,C-0502-0037,2026-04-01,MIG-2026/0502,Technician,1,
Saidov Aziz Farhodovich,2000-01-20,32001001000098,'+998770000098,C-0502-0038,2026-04-01,MIG-2026/0502,Analyst,0,
Abdullayev Bobur Akmalovich,2001-11-25,32511011000099,'+998770000099,C-0502-0039,2026-04-01,MIG-2026/0502,Analyst,0,
Umarov Farrux Akmalovich,1967-01-12,31201671000100,'+998770000100,C-0502-0040,2026-04-01,MIG-2026/0502,Manager,0,
Ergashev Farrux Akmalovich,1991-01-22,32201911000101,'+998770000101,C-0502-0041,2026-04-01,MIG-2026/0502,Technician,0,
Hasanova Malika Bahromovna,1980-06-12,41206801000102,'+998770000102,C-0502-0042,2026-04-01,MIG-2026/0502,Engineer,0,
Ergashev Temur Ravshanovich,2001-06-02,30206011000103,'+998770000103,C-0502-0043,2026-04-01,MIG-2026/0502,Accountant,0,
Ismoilova Nigora Nodirovna,1965-07-28,42807651000104,'+998770000104,C-0502-0044,2026-04-01,MIG-2026/0502,Analyst,1,
Xolmatov Rustam Shuhratovich,1991-11-23,32311911000105,'+998770000105,C-0502-0045,2026-04-01,MIG-2026/0502,Engineer,0,
Sultonova Gulnoza Alisherovna,1968-02-03,40302681000106,'+998770000106,C-0502-0046,2026-04-01,MIG-2026/0502,Economist,2,
Tursunov Jasur Alisherovich,1981-06-05,30506811000107,'+998770000107,C-0502-0047,2026-04-01,MIG-2026/0502,Analyst,0,
Tursunov Javohir Ravshanovich,1971-08-15,31508711000108,'+998770000108,C-0502-0048,2026-09-15,MIG-2026/0502,Analyst,0,
Ismoilova Sevara Nodirovna,1978-06-04,40406781000109,'+998770000109,C-0502-0049,2026-09-15,MIG-2026/0502,Driver,0,
Nazarova Dilnoza Shuhratovna,1971-01-03,40301711000110,'+998770000110,C-0502-0050,2026-09-15,MIG-2026/0502,Analyst,1,
Hasanova Malika Alisherovna,1979-07-22,42207791000111,'+998770000111,C-0503-0001,2026-06-01,MIG-2026/0503,Manager,1,3850000
Rahimov Temur Alisherovich,1984-03-22,32203841000112,'+998770000112,C-0503-0002,2026-06-01,MIG-2026/0503,Manager,1,3850000
Qodirova Madina Karimovna,1967-09-17,41709671000113,'+998770000113,C-0503-0003,2026-06-01,MIG-2026/0503,Driver,2,5450000
Nazarov Jasur Shuhratovich,1982-05-10,31005821000114,'+998770000114,C-0503-0004,2026-06-01,MIG-2026/0503,Analyst,2,5300000
Tursunova Malika Bahromovna,1990-05-26,42605901000115,'+998770000115,C-0503-0005,2026-06-01,MIG-2026/0503,Driver,2,5150000
Ismoilova Sevara Ilhomovna,1983-10-19,41910831000116,'+998770000116,C-0503-0006,2026-06-01,MIG-2026/0503,Engineer,2,5300000
Saidov Dilshod Shuhratovich,1971-12-20,32012711000117,'+998770000117,C-0503-0007,2026-06-01,MIG-2026/0503,Analyst,2,5450000
Nazarov Farrux Akmalovich,1965-02-07,30702651000118,'+998770000118,C-0503-0008,2026-06-01,MIG-2026/0503,Technician,0,2700000
Umarov Javohir Alisherovich,1993-03-26,32603931000119,'+998770000119,C-0503-0009,2026-06-01,MIG-2026/0503,Accountant,2,5150000
Rahimov Dilshod Zafarovich,1981-10-11,31110811000120,'+998770000120,C-0503-0010,2026-06-01,MIG-2026/0503,Technician,2,5300000
Saidova Malika Ravshanovna,1998-07-13,41307981000121,'+998770000121,C-0503-0011,2026-06-01,MIG-2026/0503,Driver,0,2100000
Ergashev Sherzod Ravshanovich,1977-12-15,31512771000122,'+998770000122,C-0503-0012,2026-06-01,MIG-2026/0503,Driver,2,5300000
Nazarov Sanjar Ravshanovich,1987-04-11,31104871000123,'+998770000123,C-0503-0013,2026-06-01,MIG-2026/0503,Economist,2,5150000
Nazarov Javohir Ravshanovich,1999-11-26,32611991000124,'+998770000124,C-0503-0014,2026-06-01,MIG-2026/0503,Engineer,2,5000000
Hasanov Sherzod Karimovich,2002-06-26,32606021000125,'+998770000125,C-0503-0015,2026-06-01,MIG-2026/0503,Economist,1,3550000
Rahimov Rustam Farhodovich,2002-01-04,30401021000126,'+998770000126,C-0503-0016,2026-06-01,MIG-2026/0503,Economist,1,3550000
Xolmatov Temur Karimovich,1968-03-22,32203681000127,,C-0503-0017,2026-06-01,MIG-2026/0503,Operator,0,2550000
Karimova Kamola Ravshanovna,1974-06-21,42106741000128,'+998770000128,C-0503-0018,2026-06-01,MIG-2026/0503,Technician,1,4000000
Tursunova Zarina Farhodovna,1980-12-19,41912801000129,'+998770000129,C-0503-0019,2026-06-01,MIG-2026/0503,Driver,0,2400000
Sultonova Kamola Ravshanovna,1972-01-09,40901721000130,'+998770000130,C-0503-0020,2026-06-01,MIG-2026/0503,Analyst,0,2550000
Mirzayev Farrux Akmalovich,2001-10-08,30810011000131,'+998770000131,C-0503-0021,2026-06-01,MIG-2026/0503,Economist,0,2100000
Mirzayeva Shahnoza Zafarovna,2000-10-19,40101701000132,'+998770000132,C-0503-0022,2026-06-01,MIG-2026/0503,Analyst,2,5000000
Xolmatova Feruza Zafarovna,1968-03-24,42403681000133,'+998770000133,C-0503-0023,2026-06-01,MIG-2026/0503,Driver,0,2550000
Qodirov Bobur Akmalovich,1977-09-09,30909771000134,'+998770000134,C-0503-0024,2026-06-01,MIG-2026/0503,Operator,2,5300000
Saidov Jasur Bahromovich,1983-09-04,30409831000135,'+998770000135,C-0503-0025,2026-06-01,MIG-2026/0503,Technician,2,5300000
Tursunova Madina Zafarovna,1994-01-04,40401941000136,'+998770000136,C-0503-0026,2026-06-01,MIG-2026/0503,Engineer,0,2250000
Hasanov Dilshod Ravshanovich,1981-04-21,32104811000137,'+998770000137,C-0503-0027,2026-06-01,MIG-2026/0503,Engineer,2,5300000
Tursunova Feruza Farhodovna,1988-02-07,40702881000138,'+998770000138,C-0503-0028,2026-06-01,MIG-2026/0503,Manager,2,5150000
Xolmatova Zarina Akmalovna,1990-02-11,41102901009004,'+998779000004,C-0503-0902,2026-06-01,MIG-2026/0503,Economist,0,
Ergashev Rustam Nodirovich,1993-08-14,31408931000139,'+998770000139,C-0503-0029,2026-06-01,MIG-2026/0503,Economist,2,5150000
Aliyev Temur Ilhomovich,1977-12-02,30212771000140,'+998770000140,C-0503-0030,2026-06-01,MIG-2026/0503,Accountant,1,3850000
Aliyev Otabek Shuhratovich,1967-08-18,31808671000141,'+998770000141,C-0503-0031,2026-06-01,MIG-2026/0503,Economist,2,5450000
Aliyev Bobur Akmalovich,1982-02-02,30202821000142,'+998770000142,C-0503-0032,2026-06-01,MIG-2026/0503,Operator,2,5300000
Umarov Aziz Ravshanovich,1982-02-13,31302821000143,'+998770000143,C-0503-0033,2026-06-01,MIG-2026/0503,Manager,0,2400000
Saidova Gulnoza Ravshanovna,1976-05-13,41305761000144,'+998770000144,C-0503-0034,2026-06-01,MIG-2026/0503,Operator,2,5450000
Xolmatov Dilshod Ravshanovich,1981-03-09,30903811000145,'+998770000145,C-0503-0035,2026-06-01,MIG-2026/0503,Manager,1,3850000
Rahimov Javohir Zafarovich,2002-05-04,30405021000146,'+998770000146,C-0503-0036,2026-06-01,MIG-2026/0503,Engineer,2,5000000
Aliyeva Feruza Ravshanovna,1966-04-27,42704661000147,'+998770000147,C-0503-0037,2026-06-01,MIG-2026/0503,Technician,0,2700000
Umarov Jasur Ilhomovich,1972-12-09,30912721000148,'+998770000148,C-0503-0038,2026-09-15,MIG-2026/0503,Operator,0,2550000
Umarov Aziz Akmalovich,2002-02-22,30704851009003,'+998779000003,C-0503-0901,2026-01-10,MIG-2026/0504,Manager,2,
Mirzayeva Zarina Bahromovna,1988-10-07,40710881000149,'+998770000149,C-0503-0039,2026-09-15,MIG-2026/0503,Engineer,2,5150000
Rahimova Shahnoza Bahromovna,1965-02-04,40402651000150,'+998770000150,C-0503-0040,2026-09-15,MIG-2026/0503,Economist,2,5600000
Hasanov Temur Ilhomovich,2002-02-22,32202021000151,'+998770000151,C-0504-0001,2026-09-01,MIG-2026/0504,Manager,2,
Aliyeva Nigora Shuhratovna,1969-01-04,40401691000152,'+998770000152,C-0504-0002,2026-09-01,MIG-2026/0504,Manager,2,
Ergashev Sherzod Zafarovich,1996-12-14,31412961000153,'+998770000153,C-0504-0003,2026-09-01,MIG-2026/0504,Manager,1,
Aliyev Otabek Bahromovich,1972-04-19,31904721000154,'+998770000154,C-0504-0004,2026-09-01,MIG-2026/0504,Engineer,1,
Yusupova Malika Ilhomovna,1986-04-10,41004861000155,'+998770000155,C-0504-0005,2026-09-01,MIG-2026/0504,Driver,0,
Mirzayev Aziz Karimovich,1975-10-21,32110751000156,'+998770000156,C-0504-0006,2026-09-01,MIG-2026/0504,Manager,0,
Aliyeva Feruza Alisherovna,1987-11-25,42511871000157,'+998770000157,C-0504-0007,2026-09-01,MIG-2026/0504,Technician,2,
Karimov Dilshod Akmalovich,1983-10-03,30310831000158,'+998770000158,C-0504-0008,2026-09-01,MIG-2026/0504,Accountant,0,
Rahimov Otabek Ilhomovich,1966-04-24,32404661000159,'+998770000159,C-0504-0009,2026-09-01,MIG-2026/0504,Technician,2,
Umarov Farrux Akmalovich,1973-01-21,32101731000160,'+998770000160,C-0504-0010,2026-09-01,MIG-2026/0504,Accountant,0,
Aliyev Otabek Bahromovich,1969-06-23,32306691000161,'+998770000161,C-0504-0011,2026-09-01,MIG-2026/0504,Manager,1,
Xolmatova Shahnoza Farhodovna,1998-08-17,41708981000162,'+998770000162,C-0504-0012,2026-09-01,MIG-2026/0504,Economist,1,
Xolmatova Shahnoza Nodirovna,1992-04-02,40204921000163,'+998770000163,C-0504-0013,2026-09-01,MIG-2026/0504,Technician,0,
Qodirov Farrux Alisherovich,1987-05-23,32305871000164,'+998770000164,C-0504-0014,2026-09-01,MIG-2026/0504,Driver,2,
Aliyeva Sevara Bahromovna,2000-07-27,42707001000165,'+998770000165,C-0504-0015,2026-09-01,MIG-2026/0504,Manager,1,
Abdullayev Rustam Zafarovich,1998-10-14,31410981000166,'+998770000166,C-0504-0016,2026-09-01,MIG-2026/0504,Operator,1,
Xolmatova Zarina Alisherovna,1989-06-11,41106891000167,,C-0504-0017,2026-09-01,MIG-2026/0504,Economist,1,
Hasanova Zarina Ravshanovna,1974-05-23,42305741000168,'+998770000168,C-0504-0018,2026-09-01,MIG-2026/0504,Accountant,0,
Hasanov Aziz Alisherovich,1974-11-19,31911741000169,'+998770000169,C-0504-0019,2026-09-01,MIG-2026/0504,Driver,0,
Ismoilova Gulnoza Nodirovna,1992-02-25,42502921000170,'+998770000170,C-0504-0020,2026-09-01,MIG-2026/0504,Accountant,0,
Nazarov Farrux Farhodovich,1975-11-03,30311751000171,'+998770000171,C-0504-0021,2026-09-01,MIG-2026/0504,Analyst,2,
Rahimova Gulnoza Alisherovna,1981-01-20,42001811000172,'+998770000172,C-0504-0022,2026-09-01,MIG-2026/0504,Driver,1,
Ergasheva Nigora Alisherovna,1998-08-20,42008981000173,'+998770000173,C-0504-0023,2026-09-01,MIG-2026/0504,Operator,1,
Umarova Dilnoza Nodirovna,1998-05-21,42105981000174,'+998770000174,C-0504-0024,2026-09-01,MIG-2026/0504,Economist,0,
Umarova Dilnoza Bahromovna,1985-06-07,40706851000175,'+998770000175,C-0504-0025,2026-09-01,MIG-2026/0504,Engineer,0,
Tursunov Sanjar Ravshanovich,1968-03-01,30103681000176,'+998770000176,C-0504-0026,2026-09-01,MIG-2026/0504,Economist,2,
Ergashev Sanjar Ravshanovich,1999-12-17,31712991000177,'+998770000177,C-0504-0027,2026-09-01,MIG-2026/0504,Driver,0,
Saidova Gulnoza Zafarovna,1979-02-15,41502791000178,'+998770000178,C-0504-0028,2026-09-15,MIG-2026/0504,Economist,1,
Sultonova Zarina Akmalovna,1985-04-06,40604851000179,'+998770000179,C-0504-0029,2026-09-15,MIG-2026/0504,Accountant,0,
Ismoilova Nigora Farhodovna,1991-11-28,42811911000180,'+998770000180,C-0504-0030,2026-09-15,MIG-2026/0504,Operator,0,
Karimova Dilnoza Farhodovna,2000-05-04,40405001000181,'+998770000181,C-0505-0001,2026-05-01,MIG-2026/0505,Operator,0,2100000
Saidov Javohir Ilhomovich,1971-04-05,30504711000182,'+998770000182,C-0505-0002,2026-05-01,MIG-2026/0505,Manager,0,2550000
Qodirov Otabek Alisherovich,1982-07-21,32107821000183,'+998770000183,C-0505-0003,2026-05-01,MIG-2026/0505,Analyst,2,
Karimov Bobur Farhodovich,1976-05-14,31405761000184,'+998770000184,C-0505-0004,2026-05-01,MIG-2026/0505,Technician,2,
Qodirova Dilnoza Ilhomovna,2002-12-15,41512021000185,'+998770000185,C-0505-0005,2026-05-01,MIG-2026/0505,Engineer,1,
Ergashev Jasur Zafarovich,1980-02-10,31002801000186,'+998770000186,C-0505-0006,2026-05-01,MIG-2026/0505,Accountant,0,
Ismoilov Rustam Farhodovich,1966-04-23,32304661000187,'+998770000187,C-0505-0007,2026-05-01,MIG-2026/0505,Operator,0,
Ergashev Jasur Zafarovich,1976-11-27,32711761000188,'+998770000188,C-0505-0008,2026-05-01,MIG-2026/0505,Manager,0,
Abdullayeva Feruza Ravshanovna,1973-11-23,42311731000189,'+998770000189,C-0505-0009,2026-05-01,MIG-2026/0505,Technician,0,
Mirzayev Temur Karimovich,1981-12-11,31112811000190,'+998770000190,C-0505-0010,2026-05-01,MIG-2026/0505,Accountant,1,
Umarov Temur Alisherovich,1996-01-26,32601961000191,'+998770000191,C-0505-0011,2026-05-01,MIG-2026/0505,Technician,1,
Qodirov Bobur Ilhomovich,1976-05-21,32105761000192,'+998770000192,C-0505-0012,2026-05-01,MIG-2026/0505,Operator,2,
Hasanova Nigora Akmalovna,1969-03-11,41103691000193,'+998770000193,C-0505-0013,2026-05-01,MIG-2026/0505,Engineer,0,
Karimov Sanjar Ravshanovich,1996-02-12,31202961000194,'+998770000194,C-0505-0014,2026-05-01,MIG-2026/0505,Economist,2,
Qodirov Farrux Nodirovich,1999-12-07,30712991000195,'+998770000195,C-0505-0015,2026-05-01,MIG-2026/0505,Manager,0,
Mirzayev Jasur Ilhomovich,1975-02-19,31902751000196,'+998770000196,C-0505-0016,2026-05-01,MIG-2026/0505,Economist,1,
Xolmatova Nigora Alisherovna,1991-07-02,40207911000197,'+998770000197,C-0505-0017,2026-05-01,MIG-2026/0505,Driver,1,
Ismoilov Javohir Farhodovich,2000-11-27,32711001000198,'+998770000198,C-0505-0018,2026-09-15,MIG-2026/0505,Operator,1,
Aliyev Temur Bahromovich,1970-08-05,30508701000199,'+998770000199,C-0505-0019,2026-09-15,MIG-2026/0505,Manager,1,
Xolmatova Gulnoza Ilhomovna,1988-07-15,41507881000200,'+998770000200,C-0505-0020,2026-09-15,MIG-2026/0505,Economist,2,
